-- MySQL dump 10.13  Distrib 5.7.16, for Linux (x86_64)
--
-- Host: localhost    Database: dbprod
-- ------------------------------------------------------
-- Server version	5.7.16-0ubuntu0.16.04.1

/*!40101 SET @OLD_CHARACTER_SET_CLIENT=@@CHARACTER_SET_CLIENT */;
/*!40101 SET @OLD_CHARACTER_SET_RESULTS=@@CHARACTER_SET_RESULTS */;
/*!40101 SET @OLD_COLLATION_CONNECTION=@@COLLATION_CONNECTION */;
/*!40101 SET NAMES utf8 */;
/*!40103 SET @OLD_TIME_ZONE=@@TIME_ZONE */;
/*!40103 SET TIME_ZONE='+00:00' */;
/*!40014 SET @OLD_UNIQUE_CHECKS=@@UNIQUE_CHECKS, UNIQUE_CHECKS=0 */;
/*!40014 SET @OLD_FOREIGN_KEY_CHECKS=@@FOREIGN_KEY_CHECKS, FOREIGN_KEY_CHECKS=0 */;
/*!40101 SET @OLD_SQL_MODE=@@SQL_MODE, SQL_MODE='NO_AUTO_VALUE_ON_ZERO' */;
/*!40111 SET @OLD_SQL_NOTES=@@SQL_NOTES, SQL_NOTES=0 */;

--
-- Table structure for table `anneescolaire`
--

DROP TABLE IF EXISTS `anneescolaire`;
/*!40101 SET @saved_cs_client     = @@character_set_client */;
/*!40101 SET character_set_client = utf8 */;
CREATE TABLE `anneescolaire` (
  `id` int(10) unsigned NOT NULL AUTO_INCREMENT,
  `academic_year` varchar(45) COLLATE utf8_unicode_ci NOT NULL,
  `created_at` timestamp NULL DEFAULT NULL,
  `updated_at` timestamp NULL DEFAULT NULL,
  PRIMARY KEY (`id`),
  UNIQUE KEY `anneescolaire_academic_year_unique` (`academic_year`)
) ENGINE=InnoDB AUTO_INCREMENT=2 DEFAULT CHARSET=utf8 COLLATE=utf8_unicode_ci;
/*!40101 SET character_set_client = @saved_cs_client */;

--
-- Dumping data for table `anneescolaire`
--

LOCK TABLES `anneescolaire` WRITE;
/*!40000 ALTER TABLE `anneescolaire` DISABLE KEYS */;
INSERT INTO `anneescolaire` VALUES (1,'2016-2017',NULL,NULL);
/*!40000 ALTER TABLE `anneescolaire` ENABLE KEYS */;
UNLOCK TABLES;

--
-- Table structure for table `classes_pp`
--

DROP TABLE IF EXISTS `classes_pp`;
/*!40101 SET @saved_cs_client     = @@character_set_client */;
/*!40101 SET character_set_client = utf8 */;
CREATE TABLE `classes_pp` (
  `id` int(10) unsigned NOT NULL AUTO_INCREMENT,
  `teacher_id` int(10) unsigned NOT NULL,
  `classroom_id` int(10) unsigned NOT NULL,
  `created_at` timestamp NULL DEFAULT NULL,
  `updated_at` timestamp NULL DEFAULT NULL,
  PRIMARY KEY (`id`)
) ENGINE=InnoDB DEFAULT CHARSET=utf8 COLLATE=utf8_unicode_ci;
/*!40101 SET character_set_client = @saved_cs_client */;

--
-- Dumping data for table `classes_pp`
--

LOCK TABLES `classes_pp` WRITE;
/*!40000 ALTER TABLE `classes_pp` DISABLE KEYS */;
/*!40000 ALTER TABLE `classes_pp` ENABLE KEYS */;
UNLOCK TABLES;

--
-- Table structure for table `classrooms`
--

DROP TABLE IF EXISTS `classrooms`;
/*!40101 SET @saved_cs_client     = @@character_set_client */;
/*!40101 SET character_set_client = utf8 */;
CREATE TABLE `classrooms` (
  `id` int(10) unsigned NOT NULL AUTO_INCREMENT,
  `classroom_name` varchar(255) COLLATE utf8_unicode_ci NOT NULL,
  `cycle_id` varchar(255) COLLATE utf8_unicode_ci NOT NULL,
  `created_at` timestamp NULL DEFAULT NULL,
  `updated_at` timestamp NULL DEFAULT NULL,
  PRIMARY KEY (`id`)
) ENGINE=InnoDB AUTO_INCREMENT=398 DEFAULT CHARSET=utf8 COLLATE=utf8_unicode_ci;
/*!40101 SET character_set_client = @saved_cs_client */;

--
-- Dumping data for table `classrooms`
--

LOCK TABLES `classrooms` WRITE;
/*!40000 ALTER TABLE `classrooms` DISABLE KEYS */;
INSERT INTO `classrooms` VALUES (326,'6ème1','21',NULL,NULL),(327,'6ème2','21',NULL,NULL),(328,'6ème3','21',NULL,NULL),(329,'6ème4','21',NULL,NULL),(330,'6ème5','21',NULL,NULL),(331,'6ème6','21',NULL,NULL),(332,'6ème7','21',NULL,NULL),(333,'6ème8','21',NULL,NULL),(334,'6ème9','21',NULL,NULL),(335,'6ème10','21',NULL,NULL),(336,'5ème1','22',NULL,NULL),(337,'5ème2','22',NULL,NULL),(338,'5ème3','22',NULL,NULL),(339,'5ème4','22',NULL,NULL),(340,'5ème5','22',NULL,NULL),(341,'5ème6','22',NULL,NULL),(342,'5ème7','22',NULL,NULL),(343,'5ème8','22',NULL,NULL),(344,'5ème9','22',NULL,NULL),(345,'5ème10','22',NULL,NULL),(346,'4ème1','23',NULL,NULL),(347,'4ème2','23',NULL,NULL),(348,'4ème3','23',NULL,NULL),(349,'4ème4','23',NULL,NULL),(350,'4ème5','23',NULL,NULL),(351,'4ème6','23',NULL,NULL),(352,'4ème7','23',NULL,NULL),(353,'4ème8','23',NULL,NULL),(354,'4ème9','23',NULL,NULL),(355,'4ème10','23',NULL,NULL),(356,'3ème1','24',NULL,NULL),(357,'3ème2','24',NULL,NULL),(358,'3ème3','24',NULL,NULL),(359,'3ème4','24',NULL,NULL),(360,'3ème5','24',NULL,NULL),(361,'3ème6','24',NULL,NULL),(362,'3ème7','24',NULL,NULL),(363,'3ème8','24',NULL,NULL),(364,'3ème9','24',NULL,NULL),(365,'3ème10','24',NULL,NULL),(366,'2ndeA1','25',NULL,NULL),(367,'2ndeA2','25',NULL,NULL),(368,'2ndeA3','25',NULL,NULL),(369,'2ndeA4','25',NULL,NULL),(370,'2ndeC1','26',NULL,NULL),(371,'2ndeC2','26',NULL,NULL),(372,'2ndeC3','26',NULL,NULL),(373,'2ndeC4','26',NULL,NULL),(374,'1èreA1','27',NULL,NULL),(375,'1èreA2','27',NULL,NULL),(376,'1èreA3','27',NULL,NULL),(377,'1èreA4','27',NULL,NULL),(378,'1èreC1','28',NULL,NULL),(379,'1èreC2','28',NULL,NULL),(380,'1èreC3','28',NULL,NULL),(381,'1èreC4','28',NULL,NULL),(382,'1èreD1','29',NULL,NULL),(383,'1èreD2','29',NULL,NULL),(384,'1èreD3','29',NULL,NULL),(385,'1èreD4','29',NULL,NULL),(386,'TleA1','30',NULL,NULL),(387,'TleA2','30',NULL,NULL),(388,'TleA3','30',NULL,NULL),(389,'TleA4','30',NULL,NULL),(390,'TleD1','31',NULL,NULL),(391,'TleD2','31',NULL,NULL),(392,'TleD3','31',NULL,NULL),(393,'TleD4','31',NULL,NULL),(394,'TleC1','32',NULL,NULL),(395,'TleC2','32',NULL,NULL),(396,'TleC3','32',NULL,NULL),(397,'TleC4','32',NULL,NULL);
/*!40000 ALTER TABLE `classrooms` ENABLE KEYS */;
UNLOCK TABLES;

--
-- Table structure for table `course_average`
--

DROP TABLE IF EXISTS `course_average`;
/*!40101 SET @saved_cs_client     = @@character_set_client */;
/*!40101 SET character_set_client = utf8 */;
CREATE TABLE `course_average` (
  `id` int(10) unsigned NOT NULL AUTO_INCREMENT,
  `trimestre_id` int(10) unsigned NOT NULL,
  `student_id` int(10) unsigned NOT NULL,
  `course_childs_id` int(10) unsigned NOT NULL,
  `average_grade` int(10) unsigned NOT NULL,
  `position` int(10) unsigned DEFAULT NULL,
  `nbre_student` int(10) unsigned DEFAULT NULL,
  `comittee_appreciation` varchar(255) COLLATE utf8_unicode_ci DEFAULT NULL,
  `created_at` timestamp NULL DEFAULT NULL,
  `updated_at` timestamp NULL DEFAULT NULL,
  PRIMARY KEY (`id`)
) ENGINE=InnoDB DEFAULT CHARSET=utf8 COLLATE=utf8_unicode_ci;
/*!40101 SET character_set_client = @saved_cs_client */;

--
-- Dumping data for table `course_average`
--

LOCK TABLES `course_average` WRITE;
/*!40000 ALTER TABLE `course_average` DISABLE KEYS */;
/*!40000 ALTER TABLE `course_average` ENABLE KEYS */;
UNLOCK TABLES;

--
-- Table structure for table `course_childs`
--

DROP TABLE IF EXISTS `course_childs`;
/*!40101 SET @saved_cs_client     = @@character_set_client */;
/*!40101 SET character_set_client = utf8 */;
CREATE TABLE `course_childs` (
  `id` int(10) unsigned NOT NULL AUTO_INCREMENT,
  `course_id` int(10) unsigned NOT NULL,
  `label_course` varchar(255) COLLATE utf8_unicode_ci NOT NULL,
  `created_at` timestamp NULL DEFAULT NULL,
  `updated_at` timestamp NULL DEFAULT NULL,
  PRIMARY KEY (`id`)
) ENGINE=InnoDB AUTO_INCREMENT=17 DEFAULT CHARSET=utf8 COLLATE=utf8_unicode_ci;
/*!40101 SET character_set_client = @saved_cs_client */;

--
-- Dumping data for table `course_childs`
--

LOCK TABLES `course_childs` WRITE;
/*!40000 ALTER TABLE `course_childs` DISABLE KEYS */;
INSERT INTO `course_childs` VALUES (1,1,'FRANÇAIS',NULL,NULL),(2,1,'Expression écrite',NULL,NULL),(3,1,'Expression orale',NULL,NULL),(4,1,'Orthographe',NULL,NULL),(5,2,'ANGLAIS',NULL,NULL),(6,3,'HISTOIRE-GÉOGRAPHIE',NULL,NULL),(7,4,'ALLEMAND',NULL,NULL),(8,5,'ESPAGNOL',NULL,NULL),(9,6,'PHILOSOPHIE',NULL,NULL),(10,7,'MATHÉMATIQUES',NULL,NULL),(11,8,'PHYSIQUE - CHIMIE',NULL,NULL),(12,9,'SCIENCES DE LA VIE ET DE LA TERRE',NULL,NULL),(13,10,'EDUCATION PHYSIQUE ET SPORTIVE',NULL,NULL),(14,11,'MUSIQUE',NULL,NULL),(15,12,'CONDUITE',NULL,NULL),(16,13,'EDUCATION DES DROITS DE L\'HOMME',NULL,NULL);
/*!40000 ALTER TABLE `course_childs` ENABLE KEYS */;
UNLOCK TABLES;

--
-- Table structure for table `course_grades`
--

DROP TABLE IF EXISTS `course_grades`;
/*!40101 SET @saved_cs_client     = @@character_set_client */;
/*!40101 SET character_set_client = utf8 */;
CREATE TABLE `course_grades` (
  `id` int(10) unsigned NOT NULL AUTO_INCREMENT,
  `student_id` varchar(255) COLLATE utf8_unicode_ci NOT NULL,
  `trimestre_id` varchar(255) COLLATE utf8_unicode_ci NOT NULL,
  `test_id` varchar(255) COLLATE utf8_unicode_ci NOT NULL,
  `grade` varchar(255) COLLATE utf8_unicode_ci NOT NULL,
  `appreciation` varchar(255) COLLATE utf8_unicode_ci NOT NULL,
  `created_at` timestamp NULL DEFAULT NULL,
  `updated_at` timestamp NULL DEFAULT NULL,
  PRIMARY KEY (`id`)
) ENGINE=InnoDB DEFAULT CHARSET=utf8 COLLATE=utf8_unicode_ci;
/*!40101 SET character_set_client = @saved_cs_client */;

--
-- Dumping data for table `course_grades`
--

LOCK TABLES `course_grades` WRITE;
/*!40000 ALTER TABLE `course_grades` DISABLE KEYS */;
/*!40000 ALTER TABLE `course_grades` ENABLE KEYS */;
UNLOCK TABLES;

--
-- Table structure for table `courses`
--

DROP TABLE IF EXISTS `courses`;
/*!40101 SET @saved_cs_client     = @@character_set_client */;
/*!40101 SET character_set_client = utf8 */;
CREATE TABLE `courses` (
  `id` int(10) unsigned NOT NULL AUTO_INCREMENT,
  `course_name` varchar(100) COLLATE utf8_unicode_ci NOT NULL,
  `course_description` varchar(255) COLLATE utf8_unicode_ci DEFAULT NULL,
  `created_at` timestamp NULL DEFAULT NULL,
  `updated_at` timestamp NULL DEFAULT NULL,
  PRIMARY KEY (`id`)
) ENGINE=InnoDB AUTO_INCREMENT=14 DEFAULT CHARSET=utf8 COLLATE=utf8_unicode_ci;
/*!40101 SET character_set_client = @saved_cs_client */;

--
-- Dumping data for table `courses`
--

LOCK TABLES `courses` WRITE;
/*!40000 ALTER TABLE `courses` DISABLE KEYS */;
INSERT INTO `courses` VALUES (1,'FRANÇAIS','-',NULL,NULL),(2,'ANGLAIS','-',NULL,NULL),(3,'HISTOIRE-GÉOGRAPHIE','-',NULL,NULL),(4,'ALLEMAND','-',NULL,NULL),(5,'ESPAGNOL','-',NULL,NULL),(6,'PHILOSOPHIE','-',NULL,NULL),(7,'MATHÉMATIQUES','-',NULL,NULL),(8,'PHYSIQUE - CHIMIE','-',NULL,NULL),(9,'SCIENCES DE LA VIE ET DE LA TERRE','-',NULL,NULL),(10,'EDUCATION PHYSIQUE ET SPORTIVE','-',NULL,NULL),(11,'MUSIQUE','-',NULL,NULL),(12,'CONDUITE','-',NULL,NULL),(13,'EDUCATION DES DROITS DE L\'HOMME','-',NULL,NULL);
/*!40000 ALTER TABLE `courses` ENABLE KEYS */;
UNLOCK TABLES;

--
-- Table structure for table `cycles`
--

DROP TABLE IF EXISTS `cycles`;
/*!40101 SET @saved_cs_client     = @@character_set_client */;
/*!40101 SET character_set_client = utf8 */;
CREATE TABLE `cycles` (
  `id` int(10) unsigned NOT NULL AUTO_INCREMENT,
  `cycle` int(10) unsigned NOT NULL,
  `cycle_classe` varchar(255) COLLATE utf8_unicode_ci DEFAULT NULL,
  `cycle_type` varchar(255) COLLATE utf8_unicode_ci DEFAULT NULL,
  `created_at` timestamp NULL DEFAULT NULL,
  `updated_at` timestamp NULL DEFAULT NULL,
  PRIMARY KEY (`id`)
) ENGINE=InnoDB AUTO_INCREMENT=33 DEFAULT CHARSET=utf8 COLLATE=utf8_unicode_ci;
/*!40101 SET character_set_client = @saved_cs_client */;

--
-- Dumping data for table `cycles`
--

LOCK TABLES `cycles` WRITE;
/*!40000 ALTER TABLE `cycles` DISABLE KEYS */;
INSERT INTO `cycles` VALUES (21,1,'6ème','-',NULL,NULL),(22,1,'5ème','-',NULL,NULL),(23,1,'4ème','-',NULL,NULL),(24,1,'3ème','-',NULL,NULL),(25,2,'2ndeA','litteraire',NULL,NULL),(26,2,'2ndeC','scientifique',NULL,NULL),(27,2,'1èreA','litteraire',NULL,NULL),(28,2,'1èreC','scientifique',NULL,NULL),(29,2,'1èreD','scientifique',NULL,NULL),(30,2,'TleA','litteraire',NULL,NULL),(31,2,'TleD','scientifique',NULL,NULL),(32,2,'TleC','scientifique',NULL,NULL);
/*!40000 ALTER TABLE `cycles` ENABLE KEYS */;
UNLOCK TABLES;

--
-- Table structure for table `enrollments`
--

DROP TABLE IF EXISTS `enrollments`;
/*!40101 SET @saved_cs_client     = @@character_set_client */;
/*!40101 SET character_set_client = utf8 */;
CREATE TABLE `enrollments` (
  `id` int(10) unsigned NOT NULL AUTO_INCREMENT,
  `anneescolaire_id` int(10) unsigned NOT NULL,
  `classroom_id` int(10) unsigned NOT NULL,
  `created_at` timestamp NULL DEFAULT NULL,
  `updated_at` timestamp NULL DEFAULT NULL,
  PRIMARY KEY (`id`)
) ENGINE=InnoDB AUTO_INCREMENT=61 DEFAULT CHARSET=utf8 COLLATE=utf8_unicode_ci;
/*!40101 SET character_set_client = @saved_cs_client */;

--
-- Dumping data for table `enrollments`
--

LOCK TABLES `enrollments` WRITE;
/*!40000 ALTER TABLE `enrollments` DISABLE KEYS */;
INSERT INTO `enrollments` VALUES (30,1,326,'2016-11-14 00:20:31','2016-11-14 00:20:31'),(31,1,327,'2016-11-14 00:21:06','2016-11-14 00:21:06'),(32,1,328,'2016-11-14 00:21:39','2016-11-14 00:21:39'),(33,1,329,'2016-11-14 00:22:15','2016-11-14 00:22:15'),(34,1,330,'2016-11-14 00:24:49','2016-11-14 00:24:49'),(35,1,390,'2016-11-14 00:30:49','2016-11-14 00:30:49'),(36,1,394,'2016-11-14 00:49:35','2016-11-14 00:49:35'),(37,1,331,'2016-11-14 00:53:36','2016-11-14 00:53:36'),(38,1,332,'2016-11-14 00:53:36','2016-11-14 00:53:36'),(39,1,333,'2016-11-14 00:53:37','2016-11-14 00:53:37'),(40,1,334,'2016-11-14 00:53:37','2016-11-14 00:53:37'),(41,1,335,'2016-11-14 00:53:37','2016-11-14 00:53:37'),(42,1,336,'2016-11-14 00:53:38','2016-11-14 00:53:38'),(43,1,337,'2016-11-14 00:53:38','2016-11-14 00:53:38'),(44,1,338,'2016-11-14 00:53:38','2016-11-14 00:53:38'),(45,1,339,'2016-11-14 00:53:39','2016-11-14 00:53:39'),(46,1,340,'2016-11-14 00:53:39','2016-11-14 00:53:39'),(47,1,341,'2016-11-14 00:53:39','2016-11-14 00:53:39'),(48,1,346,'2016-11-14 00:53:40','2016-11-14 00:53:40'),(49,1,347,'2016-11-14 00:53:40','2016-11-14 00:53:40'),(50,1,348,'2016-11-14 00:53:41','2016-11-14 00:53:41'),(51,1,349,'2016-11-14 00:53:41','2016-11-14 00:53:41'),(52,1,350,'2016-11-14 00:53:41','2016-11-14 00:53:41'),(53,1,351,'2016-11-14 00:53:41','2016-11-14 00:53:41'),(54,1,352,'2016-11-14 00:53:42','2016-11-14 00:53:42'),(55,1,356,'2016-11-14 00:53:42','2016-11-14 00:53:42'),(56,1,357,'2016-11-14 00:53:42','2016-11-14 00:53:42'),(57,1,358,'2016-11-14 00:53:42','2016-11-14 00:53:42'),(58,1,359,'2016-11-14 00:53:43','2016-11-14 00:53:43'),(59,1,360,'2016-11-14 00:53:43','2016-11-14 00:53:43'),(60,1,361,'2016-11-14 00:53:43','2016-11-14 00:53:43');
/*!40000 ALTER TABLE `enrollments` ENABLE KEYS */;
UNLOCK TABLES;

--
-- Table structure for table `migrations`
--

DROP TABLE IF EXISTS `migrations`;
/*!40101 SET @saved_cs_client     = @@character_set_client */;
/*!40101 SET character_set_client = utf8 */;
CREATE TABLE `migrations` (
  `id` int(10) unsigned NOT NULL AUTO_INCREMENT,
  `migration` varchar(255) COLLATE utf8_unicode_ci NOT NULL,
  `batch` int(11) NOT NULL,
  PRIMARY KEY (`id`)
) ENGINE=InnoDB AUTO_INCREMENT=20 DEFAULT CHARSET=utf8 COLLATE=utf8_unicode_ci;
/*!40101 SET character_set_client = @saved_cs_client */;

--
-- Dumping data for table `migrations`
--

LOCK TABLES `migrations` WRITE;
/*!40000 ALTER TABLE `migrations` DISABLE KEYS */;
INSERT INTO `migrations` VALUES (1,'2014_10_12_000000_create_users_table',1),(2,'2014_10_12_100000_create_password_resets_table',1),(3,'2016_10_16_011528_Roles',1),(4,'2016_10_16_012952_create_role_user_pivot_table',1),(5,'2016_11_01_232928_annee_scolaire',1),(6,'2016_11_01_233740_create_classrooms_table',1),(7,'2016_11_03_230949_create_table_trimestres',1),(8,'2016_11_03_231401_create_table_teachers',1),(9,'2016_11_03_231810_create_table_students',1),(10,'2016_11_03_233219_create_table_enrollments',1),(11,'2016_11_03_233541_create_table_parents',1),(12,'2016_11_03_234517_create_table_cycle',1),(13,'2016_11_03_235117_create_table_course_grades',1),(14,'2016_11_03_235327_create_table_tests',1),(15,'2016_11_04_000111_create_table_courses',1),(16,'2016_11_04_000504_create_table_courses_childs',1),(17,'2016_11_04_002135_create_table_professeurs_principaux',1),(18,'2016_11_04_002756_create_table_classe_pp',1),(19,'2016_11_05_224040_create_table_course_average',2);
/*!40000 ALTER TABLE `migrations` ENABLE KEYS */;
UNLOCK TABLES;

--
-- Table structure for table `parents`
--

DROP TABLE IF EXISTS `parents`;
/*!40101 SET @saved_cs_client     = @@character_set_client */;
/*!40101 SET character_set_client = utf8 */;
CREATE TABLE `parents` (
  `id` int(10) unsigned NOT NULL AUTO_INCREMENT,
  `parent_name` varchar(255) CHARACTER SET utf8 NOT NULL,
  `parent_last_name` varchar(255) COLLATE utf8_unicode_ci NOT NULL,
  `parent_telephone` varchar(255) COLLATE utf8_unicode_ci NOT NULL,
  `created_at` timestamp NULL DEFAULT NULL,
  `updated_at` timestamp NULL DEFAULT NULL,
  PRIMARY KEY (`id`)
) ENGINE=InnoDB DEFAULT CHARSET=utf8 COLLATE=utf8_unicode_ci;
/*!40101 SET character_set_client = @saved_cs_client */;

--
-- Dumping data for table `parents`
--

LOCK TABLES `parents` WRITE;
/*!40000 ALTER TABLE `parents` DISABLE KEYS */;
/*!40000 ALTER TABLE `parents` ENABLE KEYS */;
UNLOCK TABLES;

--
-- Table structure for table `password_resets`
--

DROP TABLE IF EXISTS `password_resets`;
/*!40101 SET @saved_cs_client     = @@character_set_client */;
/*!40101 SET character_set_client = utf8 */;
CREATE TABLE `password_resets` (
  `email` varchar(255) COLLATE utf8_unicode_ci NOT NULL,
  `token` varchar(255) COLLATE utf8_unicode_ci NOT NULL,
  `created_at` timestamp NULL DEFAULT NULL,
  KEY `password_resets_email_index` (`email`),
  KEY `password_resets_token_index` (`token`)
) ENGINE=InnoDB DEFAULT CHARSET=utf8 COLLATE=utf8_unicode_ci;
/*!40101 SET character_set_client = @saved_cs_client */;

--
-- Dumping data for table `password_resets`
--

LOCK TABLES `password_resets` WRITE;
/*!40000 ALTER TABLE `password_resets` DISABLE KEYS */;
/*!40000 ALTER TABLE `password_resets` ENABLE KEYS */;
UNLOCK TABLES;

--
-- Table structure for table `prof_principaux`
--

DROP TABLE IF EXISTS `prof_principaux`;
/*!40101 SET @saved_cs_client     = @@character_set_client */;
/*!40101 SET character_set_client = utf8 */;
CREATE TABLE `prof_principaux` (
  `id` int(10) unsigned NOT NULL AUTO_INCREMENT,
  `teacher_id` int(10) unsigned NOT NULL,
  PRIMARY KEY (`id`)
) ENGINE=InnoDB DEFAULT CHARSET=utf8 COLLATE=utf8_unicode_ci;
/*!40101 SET character_set_client = @saved_cs_client */;

--
-- Dumping data for table `prof_principaux`
--

LOCK TABLES `prof_principaux` WRITE;
/*!40000 ALTER TABLE `prof_principaux` DISABLE KEYS */;
/*!40000 ALTER TABLE `prof_principaux` ENABLE KEYS */;
UNLOCK TABLES;

--
-- Table structure for table `roles`
--

DROP TABLE IF EXISTS `roles`;
/*!40101 SET @saved_cs_client     = @@character_set_client */;
/*!40101 SET character_set_client = utf8 */;
CREATE TABLE `roles` (
  `id` int(10) unsigned NOT NULL AUTO_INCREMENT,
  `name` varchar(255) COLLATE utf8_unicode_ci NOT NULL,
  `created_at` timestamp NULL DEFAULT NULL,
  `updated_at` timestamp NULL DEFAULT NULL,
  PRIMARY KEY (`id`),
  UNIQUE KEY `roles_name_unique` (`name`)
) ENGINE=InnoDB AUTO_INCREMENT=5 DEFAULT CHARSET=utf8 COLLATE=utf8_unicode_ci;
/*!40101 SET character_set_client = @saved_cs_client */;

--
-- Dumping data for table `roles`
--

LOCK TABLES `roles` WRITE;
/*!40000 ALTER TABLE `roles` DISABLE KEYS */;
INSERT INTO `roles` VALUES (1,'Enseingnant',NULL,NULL),(2,'Admin',NULL,NULL),(3,'Proviseur',NULL,NULL),(4,'Super Admin',NULL,NULL);
/*!40000 ALTER TABLE `roles` ENABLE KEYS */;
UNLOCK TABLES;

--
-- Table structure for table `roles_user`
--

DROP TABLE IF EXISTS `roles_user`;
/*!40101 SET @saved_cs_client     = @@character_set_client */;
/*!40101 SET character_set_client = utf8 */;
CREATE TABLE `roles_user` (
  `roles_id` int(10) unsigned NOT NULL,
  `user_id` int(10) unsigned NOT NULL,
  PRIMARY KEY (`roles_id`,`user_id`),
  KEY `roles_user_roles_id_index` (`roles_id`),
  KEY `roles_user_user_id_index` (`user_id`),
  CONSTRAINT `roles_user_roles_id_foreign` FOREIGN KEY (`roles_id`) REFERENCES `roles` (`id`) ON DELETE CASCADE,
  CONSTRAINT `roles_user_user_id_foreign` FOREIGN KEY (`user_id`) REFERENCES `users` (`id`) ON DELETE CASCADE
) ENGINE=InnoDB DEFAULT CHARSET=utf8 COLLATE=utf8_unicode_ci;
/*!40101 SET character_set_client = @saved_cs_client */;

--
-- Dumping data for table `roles_user`
--

LOCK TABLES `roles_user` WRITE;
/*!40000 ALTER TABLE `roles_user` DISABLE KEYS */;
INSERT INTO `roles_user` VALUES (2,46),(2,47),(2,48),(2,49),(2,50),(2,51);
/*!40000 ALTER TABLE `roles_user` ENABLE KEYS */;
UNLOCK TABLES;

--
-- Table structure for table `students`
--

DROP TABLE IF EXISTS `students`;
/*!40101 SET @saved_cs_client     = @@character_set_client */;
/*!40101 SET character_set_client = utf8 */;
CREATE TABLE `students` (
  `id` int(10) unsigned NOT NULL AUTO_INCREMENT,
  `student_matricule` varchar(255) COLLATE utf8_unicode_ci NOT NULL,
  `classroom_id` int(10) unsigned NOT NULL,
  `parent_id` int(10) unsigned DEFAULT NULL,
  `student_name` varchar(255) COLLATE utf8_unicode_ci NOT NULL,
  `student_last_name` varchar(255) COLLATE utf8_unicode_ci NOT NULL,
  `student_birthdate` varchar(255) COLLATE utf8_unicode_ci DEFAULT NULL,
  `student_birthplace` varchar(255) COLLATE utf8_unicode_ci DEFAULT NULL,
  `student_sexe` enum('M','F') COLLATE utf8_unicode_ci NOT NULL DEFAULT 'F',
  `student_redoublant` varchar(3) CHARACTER SET utf8 DEFAULT NULL,
  `student_affecte` varchar(3) CHARACTER SET utf8 DEFAULT NULL,
  `responsable_student` varchar(255) COLLATE utf8_unicode_ci DEFAULT NULL,
  `contact_responsable_student` varchar(255) COLLATE utf8_unicode_ci DEFAULT NULL,
  `student_regime` varchar(45) COLLATE utf8_unicode_ci DEFAULT NULL,
  `student_interne` varchar(45) COLLATE utf8_unicode_ci DEFAULT NULL,
  `created_at` timestamp NULL DEFAULT NULL,
  `updated_at` timestamp NULL DEFAULT NULL,
  PRIMARY KEY (`id`)
) ENGINE=InnoDB AUTO_INCREMENT=13932 DEFAULT CHARSET=utf8 COLLATE=utf8_unicode_ci;
/*!40101 SET character_set_client = @saved_cs_client */;

--
-- Dumping data for table `students`
--

LOCK TABLES `students` WRITE;
/*!40000 ALTER TABLE `students` DISABLE KEYS */;
INSERT INTO `students` VALUES (4281,'16185320Q',326,NULL,'ALLEGRA ','AKISSI MARIE THERESE','02/01/2006',NULL,'F','Non',NULL,NULL,NULL,NULL,NULL,'2016-11-14 00:20:31','2016-11-14 00:20:31'),(4282,'16171248A',326,NULL,'ANGOUA','ADJOUA DORIANE','06/02/2004',NULL,'F','Non',NULL,NULL,NULL,NULL,NULL,'2016-11-14 00:20:31','2016-11-14 00:20:31'),(4283,'16172811J',326,NULL,'BAKAYOKO','SALIMATA','05/09/2004',NULL,'F','Non',NULL,NULL,NULL,NULL,NULL,'2016-11-14 00:20:31','2016-11-14 00:20:31'),(4284,'16187196K',326,NULL,'BALLO','WASSA','21/05/2003',NULL,'F','Non',NULL,NULL,NULL,NULL,NULL,'2016-11-14 00:20:31','2016-11-14 00:20:31'),(4285,'16328823B',326,NULL,'BAMBA ','AWA ','15/06/2005',NULL,'F','Non',NULL,NULL,NULL,NULL,NULL,'2016-11-14 00:20:31','2016-11-14 00:20:31'),(4286,'16171580R',326,NULL,'BANE','MARIETOU','03/12/2005',NULL,'F','Non',NULL,NULL,NULL,NULL,NULL,'2016-11-14 00:20:31','2016-11-14 00:20:31'),(4287,'15156480V',326,NULL,'BERTHE','SABINE','15/12/2003',NULL,'F','Oui',NULL,NULL,NULL,NULL,NULL,'2016-11-14 00:20:31','2016-11-14 00:20:31'),(4288,'16171228L',326,NULL,'BROU','N\'GUESSAN ARMELLE','24/08/2002',NULL,'F','Non',NULL,NULL,NULL,NULL,NULL,'2016-11-14 00:20:31','2016-11-14 00:20:31'),(4289,'16173893S',326,NULL,'CAMARA','KARIDIATOU','18/12/2003',NULL,'F','Non',NULL,NULL,NULL,NULL,NULL,'2016-11-14 00:20:31','2016-11-14 00:20:31'),(4290,'16171216Q',326,NULL,'DAHO','HAOUA','14/05/2001',NULL,'F','Non',NULL,NULL,NULL,NULL,NULL,'2016-11-14 00:20:31','2016-11-14 00:20:31'),(4291,'15156846G',326,NULL,'DIABY','MAMBANAN','11/12/2001',NULL,'F','Oui',NULL,NULL,NULL,NULL,NULL,'2016-11-14 00:20:31','2016-11-14 00:20:31'),(4292,'16171876P',326,NULL,'DIAKITE','SARAN','09/03/2003',NULL,'F','Non',NULL,NULL,NULL,NULL,NULL,'2016-11-14 00:20:31','2016-11-14 00:20:31'),(4293,'16170882B',326,NULL,'DIARRASSOUBA','COORGAME YASMINE','24/10/2005',NULL,'F','Non',NULL,NULL,NULL,NULL,NULL,'2016-11-14 00:20:31','2016-11-14 00:20:31'),(4294,'16185221M',326,NULL,'DJABILLA','BAMBY MARGARITA OCEANE','16/12/2005',NULL,'F','Non',NULL,NULL,NULL,NULL,NULL,'2016-11-14 00:20:31','2016-11-14 00:20:31'),(4295,'16185220N',326,NULL,'DJABILLA','MILLAN AMOIN MARIE -EMMANUELLE','27/08/2006',NULL,'F','Non',NULL,NULL,NULL,NULL,NULL,'2016-11-14 00:20:31','2016-11-14 00:20:31'),(4296,'16172202C',326,NULL,'DJEBRE','MARIAM ','19/07/2004',NULL,'F','Non',NULL,NULL,NULL,NULL,NULL,'2016-11-14 00:20:31','2016-11-14 00:20:31'),(4297,'16184977U',326,NULL,'DJIKO','BADOHON DIVINE -ESTHER','13/02/2007',NULL,'F','Non',NULL,NULL,NULL,NULL,NULL,'2016-11-14 00:20:31','2016-11-14 00:20:31'),(4298,'16189517W',326,NULL,'DOUMBIA','AISSATOU MAH CYRAH','14/03/2006',NULL,'F','Non',NULL,NULL,NULL,NULL,NULL,'2016-11-14 00:20:31','2016-11-14 00:20:31'),(4299,'16170562J',326,NULL,'FOFANA  ','AFFOU','29/01/2005',NULL,'F','Non',NULL,NULL,NULL,NULL,NULL,'2016-11-14 00:20:31','2016-11-14 00:20:31'),(4300,'16171501Z',326,NULL,'GUEBRE','ZEINAB','22/05/2004',NULL,'F','Non',NULL,NULL,NULL,NULL,NULL,'2016-11-14 00:20:31','2016-11-14 00:20:31'),(4301,'16172661J',326,NULL,'GUIGMA','RAKIATOU','12/11/2003',NULL,'F','Non',NULL,NULL,NULL,NULL,NULL,'2016-11-14 00:20:31','2016-11-14 00:20:31'),(4302,'15164720T',326,NULL,'HAIDARA','AWA','10/04/2001',NULL,'F','Oui',NULL,NULL,NULL,NULL,NULL,'2016-11-14 00:20:31','2016-11-14 00:20:31'),(4303,'16171478Y',326,NULL,'KANTE','NABA','24/04/2006',NULL,'F','Non',NULL,NULL,NULL,NULL,NULL,'2016-11-14 00:20:31','2016-11-14 00:20:31'),(4304,'16187081Y',326,NULL,'KEITA','DJENEBOU','20/10/2004',NULL,'F','Non',NULL,NULL,NULL,NULL,NULL,'2016-11-14 00:20:31','2016-11-14 00:20:31'),(4305,'16171831Z',326,NULL,'KOFFI','AHOU CLOTILDE','12/06/2003',NULL,'F','Non',NULL,NULL,NULL,NULL,NULL,'2016-11-14 00:20:31','2016-11-14 00:20:31'),(4306,'16174992U',326,NULL,'KOFFI','AKISSI ROSEMONDE','31/12/2006',NULL,'F','Non',NULL,NULL,NULL,NULL,NULL,'2016-11-14 00:20:31','2016-11-14 00:20:31'),(4307,'16183152W',326,NULL,'KONAN ','AFFOUE ELODIE','22/12/2004',NULL,'F','Non',NULL,NULL,NULL,NULL,NULL,'2016-11-14 00:20:31','2016-11-14 00:20:31'),(4308,'16171155S',326,NULL,'KONAN ','AFFOUE ESTELLE','10/11/2003',NULL,'F','Non',NULL,NULL,NULL,NULL,NULL,'2016-11-14 00:20:31','2016-11-14 00:20:31'),(4309,'16171142G',326,NULL,'KONAN ','N\'DA N\'GUESSAN PRISCA','01/10/2001',NULL,'F','Non',NULL,NULL,NULL,NULL,NULL,'2016-11-14 00:20:31','2016-11-14 00:20:31'),(4310,'16174376C',326,NULL,'KONATE','AFSATOU','20/10/2003',NULL,'F','Non',NULL,NULL,NULL,NULL,NULL,'2016-11-14 00:20:31','2016-11-14 00:20:31'),(4311,'15163292B',326,NULL,'KONE','ARAMATOU','13/10/2003',NULL,'F','Oui',NULL,NULL,NULL,NULL,NULL,'2016-11-14 00:20:31','2016-11-14 00:20:31'),(4312,'16078231J',326,NULL,'KONE','NAMINATA','26/01/1900',NULL,'F','Non',NULL,NULL,NULL,NULL,NULL,'2016-11-14 00:20:31','2016-11-14 00:20:31'),(4313,'16173354C',326,NULL,'KONE','ASSITA','29/03/2007',NULL,'F','Non',NULL,NULL,NULL,NULL,NULL,'2016-11-14 00:20:31','2016-11-14 00:20:31'),(4314,'16187053U',326,NULL,'KONE','MAKANI','16/06/2004',NULL,'F','Non',NULL,NULL,NULL,NULL,NULL,'2016-11-14 00:20:31','2016-11-14 00:20:31'),(4315,'16386384M',326,NULL,'KONE','TOUMOUTOU','01/01/2005',NULL,'F','Non',NULL,NULL,NULL,NULL,NULL,'2016-11-14 00:20:31','2016-11-14 00:20:31'),(4316,'16171803L',326,NULL,'KONE ','KADIDIA  SANDRINE ','11/06/2003',NULL,'F','Non',NULL,NULL,NULL,NULL,NULL,'2016-11-14 00:20:31','2016-11-14 00:20:31'),(4317,'16327573G',326,NULL,'KONE ','LAGNIME PIERRETTE','20/02/2005',NULL,'F','Non',NULL,NULL,NULL,NULL,NULL,'2016-11-14 00:20:31','2016-11-14 00:20:31'),(4318,'15158407Y',326,NULL,'KOUADIO','MATENE','04/11/2000',NULL,'F','Oui',NULL,NULL,NULL,NULL,NULL,'2016-11-14 00:20:31','2016-11-14 00:20:31'),(4319,'16170801V',326,NULL,'KOUADIO','AMOIN JOCELINE MONDESIR','06/12/2004',NULL,'F','Non',NULL,NULL,NULL,NULL,NULL,'2016-11-14 00:20:31','2016-11-14 00:20:31'),(4320,'16171102L',326,NULL,'KOUAKOU','ADJOUA SARA BENEDICTE','10/05/2003',NULL,'F','Non',NULL,NULL,NULL,NULL,NULL,'2016-11-14 00:20:31','2016-11-14 00:20:31'),(4321,'16171779L',326,NULL,'KOUAME','AFFOUE BIENVENUE ANNE LAURE','15/02/2004',NULL,'F','Non',NULL,NULL,NULL,NULL,NULL,'2016-11-14 00:20:31','2016-11-14 00:20:31'),(4322,'16171068M',326,NULL,'KOUAO','BEMA MOAYE RUTH','01/09/2005',NULL,'F','Non',NULL,NULL,NULL,NULL,NULL,'2016-11-14 00:20:31','2016-11-14 00:20:31'),(4323,'16171389G',326,NULL,'KOUCAT','ZIHON CHRISTELLE PAULA','02/07/2005',NULL,'F','Non',NULL,NULL,NULL,NULL,NULL,'2016-11-14 00:20:31','2016-11-14 00:20:31'),(4324,'16173935M',326,NULL,'KOUROUMA','SARAN','28/12/2003',NULL,'F','Non',NULL,NULL,NULL,NULL,NULL,'2016-11-14 00:20:31','2016-11-14 00:20:31'),(4325,'16187038W',326,NULL,'LOUKOU','AMENAN MARIE PERPETUE  ','15/03/2006',NULL,'F','Non',NULL,NULL,NULL,NULL,NULL,'2016-11-14 00:20:31','2016-11-14 00:20:31'),(4326,'16188768T',326,NULL,'MALGOUBRI','BARKISSA','15/05/2002',NULL,'F','Non',NULL,NULL,NULL,NULL,NULL,'2016-11-14 00:20:31','2016-11-14 00:20:31'),(4327,'16171045J',326,NULL,'M\'BRA','AKISSI DORHETEE','13/10/2003',NULL,'F','Non',NULL,NULL,NULL,NULL,NULL,'2016-11-14 00:20:31','2016-11-14 00:20:31'),(4328,'16206498A',326,NULL,'NABIA','EPIPHANIE','23/11/2006',NULL,'F','Non',NULL,NULL,NULL,NULL,NULL,'2016-11-14 00:20:31','2016-11-14 00:20:31'),(4329,'16171373Q',326,NULL,'N\'GORAN','BEHIBRO GRACE LUDIVINE','15/10/2003',NULL,'F','Non',NULL,NULL,NULL,NULL,NULL,'2016-11-14 00:20:31','2016-11-14 00:20:31'),(4330,'16170381Q',326,NULL,'N\'GUESSAN','ELODIE BL A AHOU RAISSA','15/10/2001',NULL,'F','Non',NULL,NULL,NULL,NULL,NULL,'2016-11-14 00:20:31','2016-11-14 00:20:31'),(4331,'15156967J',326,NULL,'OUATTARA','SEDJO AGATHE','22/10/2004',NULL,'F','Oui',NULL,NULL,NULL,NULL,NULL,'2016-11-14 00:20:31','2016-11-14 00:20:31'),(4332,'16327490N',326,NULL,'OUATTARA','YOUDAN DIANE','01/01/2005',NULL,'F','Non',NULL,NULL,NULL,NULL,NULL,'2016-11-14 00:20:31','2016-11-14 00:20:31'),(4333,'16329918F',326,NULL,'OUATTARA','BOUMATA','01/01/2007',NULL,'F','Non',NULL,NULL,NULL,NULL,NULL,'2016-11-14 00:20:31','2016-11-14 00:20:31'),(4334,'16170370S',326,NULL,'OUATTARA ','FATOUMATA SOFIA','19/05/2006',NULL,'F','Non',NULL,NULL,NULL,NULL,NULL,'2016-11-14 00:20:31','2016-11-14 00:20:31'),(4335,'16171714K',326,NULL,'OYEDOKUN','LATIFA','08/09/2002',NULL,'F','Non',NULL,NULL,NULL,NULL,NULL,'2016-11-14 00:20:31','2016-11-14 00:20:31'),(4336,'16354093Z',326,NULL,'ROHNVIA','AHOU GRACE EUNICE','15/09/2005',NULL,'F','Non',NULL,NULL,NULL,NULL,NULL,'2016-11-14 00:20:31','2016-11-14 00:20:31'),(4337,'16185116G',326,NULL,'SAKO','MARIAM','26/09/2004',NULL,'F','Non',NULL,NULL,NULL,NULL,NULL,'2016-11-14 00:20:31','2016-11-14 00:20:31'),(4338,'16172994U',326,NULL,'SANFO','AISSATA','04/05/2003',NULL,'F','Non',NULL,NULL,NULL,NULL,NULL,'2016-11-14 00:20:31','2016-11-14 00:20:31'),(4339,'16170348D',326,NULL,'SENI','KARIDYA','15/06/2007',NULL,'F','Non',NULL,NULL,NULL,NULL,NULL,'2016-11-14 00:20:31','2016-11-14 00:20:31'),(4340,'15158458V',326,NULL,'SERE','AWA','14/02/2002',NULL,'F','Oui',NULL,NULL,NULL,NULL,NULL,'2016-11-14 00:20:31','2016-11-14 00:20:31'),(4341,'16170340N',326,NULL,'SORO','TCHAWA GRACE','26/03/2005',NULL,'F','Non',NULL,NULL,NULL,NULL,NULL,'2016-11-14 00:20:31','2016-11-14 00:20:31'),(4342,'16172751M',326,NULL,'SYLLA','MARIAM ','03/06/2005',NULL,'F','Non',NULL,NULL,NULL,NULL,NULL,'2016-11-14 00:20:31','2016-11-14 00:20:31'),(4343,'15154981Q',326,NULL,'TAM','YELLY AWA','15/12/2002',NULL,'F','Oui',NULL,NULL,NULL,NULL,NULL,'2016-11-14 00:20:31','2016-11-14 00:20:31'),(4344,'16170695K',326,NULL,'TANOH','FATIMA JULIETTE','17/03/2005',NULL,'F','Non',NULL,NULL,NULL,NULL,NULL,'2016-11-14 00:20:31','2016-11-14 00:20:31'),(4345,'16433722Q',326,NULL,'TANOH','AYA EMELINE','07/06/2005',NULL,'F','Non',NULL,NULL,NULL,NULL,NULL,'2016-11-14 00:20:31','2016-11-14 00:20:31'),(4346,'16147974Z',326,NULL,'TIA ','AFFOUE  SANDRINE ','26/08/2005',NULL,'F','Non',NULL,NULL,NULL,NULL,NULL,'2016-11-14 00:20:31','2016-11-14 00:20:31'),(4347,'16330115X',326,NULL,'TONDOSSAMA ','NANA','17/11/2002',NULL,'F','Non',NULL,NULL,NULL,NULL,NULL,'2016-11-14 00:20:31','2016-11-14 00:20:31'),(4348,'16170311Y',326,NULL,'TOURE','MARIAM GRACE ESTHER','26/03/2005',NULL,'F','Non',NULL,NULL,NULL,NULL,NULL,'2016-11-14 00:20:31','2016-11-14 00:20:31'),(4349,'16174528G',326,NULL,'TOURE','SALY JESSY LORRAINE','30/10/2003',NULL,'F','Non',NULL,NULL,NULL,NULL,NULL,'2016-11-14 00:20:31','2016-11-14 00:20:31'),(4350,'16171640P',326,NULL,'TRAORE','HAWA','14/05/2005',NULL,'F','Non',NULL,NULL,NULL,NULL,NULL,'2016-11-14 00:20:31','2016-11-14 00:20:31'),(4351,'16173463R',326,NULL,'TRAORE','MARIAM','25/12/2003',NULL,'F','Non',NULL,NULL,NULL,NULL,NULL,'2016-11-14 00:20:31','2016-11-14 00:20:31'),(4352,'16174886X',326,NULL,'YAO','ADJOUA STEPHANIE','11/12/2004',NULL,'F','Non',NULL,NULL,NULL,NULL,NULL,'2016-11-14 00:20:31','2016-11-14 00:20:31'),(4353,'16177794Y',326,NULL,'YAO','AHOU FRANCOISE','03/12/2005',NULL,'F','Non',NULL,NULL,NULL,NULL,NULL,'2016-11-14 00:20:31','2016-11-14 00:20:31'),(4354,'16172205P',326,NULL,'YEO','TCHERIGNIMIN ODILE','08/12/2005',NULL,'F','Non',NULL,NULL,NULL,NULL,NULL,'2016-11-14 00:20:31','2016-11-14 00:20:31'),(4355,'16188335E',326,NULL,'YEO','SEGNINDJINWIN ISRAEL-RUTH','17/06/2005',NULL,'F','Non',NULL,NULL,NULL,NULL,NULL,'2016-11-14 00:20:31','2016-11-14 00:20:31'),(4356,'16171963P',326,NULL,'YEO','NARGAGNON MOYET CHRIST','02/09/2006',NULL,'F','Non',NULL,NULL,NULL,NULL,NULL,'2016-11-14 00:20:31','2016-11-14 00:20:31'),(4357,'16170636K',327,NULL,'ANO','ABO GRACE LORIANE','09/03/2006',NULL,'F','Non',NULL,NULL,NULL,NULL,NULL,'2016-11-14 00:21:06','2016-11-14 00:21:06'),(4358,'16328832H',327,NULL,'ASSAOURE','AYA LAETICIA','01/07/2003',NULL,'F','Non',NULL,NULL,NULL,NULL,NULL,'2016-11-14 00:21:06','2016-11-14 00:21:06'),(4359,'16187189J',327,NULL,'BANHORO','ROKIA','01/01/2004',NULL,'F','Non',NULL,NULL,NULL,NULL,NULL,'2016-11-14 00:21:06','2016-11-14 00:21:06'),(4360,'16171926P',327,NULL,'BASSINA','OUENONNA AICHA','30/05/2004',NULL,'F','Non',NULL,NULL,NULL,NULL,NULL,'2016-11-14 00:21:06','2016-11-14 00:21:06'),(4361,'16172806E',327,NULL,'BASSOLE ','TOROWEVO AÏCHA CELINE ','10/02/2004',NULL,'F','Non',NULL,NULL,NULL,NULL,NULL,'2016-11-14 00:21:06','2016-11-14 00:21:06'),(4362,'16170609L',327,NULL,'CAMARA','BINTOU','07/10/2006',NULL,'F','Non',NULL,NULL,NULL,NULL,NULL,'2016-11-14 00:21:06','2016-11-14 00:21:06'),(4363,'16240541B',327,NULL,'CAMARA','AMI SARAN','09/06/2004',NULL,'F','Non',NULL,NULL,NULL,NULL,NULL,'2016-11-14 00:21:06','2016-11-14 00:21:06'),(4364,'16172637C',327,NULL,'CISSE','FATIM NOURAH','20/10/2005',NULL,'F','Non',NULL,NULL,NULL,NULL,NULL,'2016-11-14 00:21:06','2016-11-14 00:21:06'),(4365,'16172852D',327,NULL,'COULIBALY ','FANTA  ROSE  LIMA ','15/03/2004',NULL,'F','Non',NULL,NULL,NULL,NULL,NULL,'2016-11-14 00:21:06','2016-11-14 00:21:06'),(4366,'16204607A',327,NULL,'DANGBE','SONIA','09/05/2006',NULL,'F','Non',NULL,NULL,NULL,NULL,NULL,'2016-11-14 00:21:06','2016-11-14 00:21:06'),(4367,'16171890K',327,NULL,'DAO','AMINATA','11/09/2003',NULL,'F','Non',NULL,NULL,NULL,NULL,NULL,'2016-11-14 00:21:06','2016-11-14 00:21:06'),(4368,'16185250K',327,NULL,'DAO','FANTA','10/03/2002',NULL,'F','Non',NULL,NULL,NULL,NULL,NULL,'2016-11-14 00:21:06','2016-11-14 00:21:06'),(4369,'16171540N',327,NULL,'DIALLO','AMINATA YASMINE','14/01/2006',NULL,'F','Non',NULL,NULL,NULL,NULL,NULL,'2016-11-14 00:21:06','2016-11-14 00:21:06'),(4370,'16171870V',327,NULL,'DIARRASSOUBA','DJENEBA','01/01/2004',NULL,'F','Non',NULL,NULL,NULL,NULL,NULL,'2016-11-14 00:21:06','2016-11-14 00:21:06'),(4371,'16182487T',327,NULL,'DIARRASSOUBA','KADY','31/01/2005',NULL,'F','Non',NULL,NULL,NULL,NULL,NULL,'2016-11-14 00:21:06','2016-11-14 00:21:06'),(4372,'16173390F',327,NULL,'DOSSO','DJATA','25/02/2005',NULL,'F','Non',NULL,NULL,NULL,NULL,NULL,'2016-11-14 00:21:06','2016-11-14 00:21:06'),(4373,'16187110A',327,NULL,'DOUMBIA','AFFOU','10/11/2004',NULL,'F','Non',NULL,NULL,NULL,NULL,NULL,'2016-11-14 00:21:06','2016-11-14 00:21:06'),(4374,'16171512P',327,NULL,'FOFANA','AICHATA','04/11/2002',NULL,'F','Non',NULL,NULL,NULL,NULL,NULL,'2016-11-14 00:21:06','2016-11-14 00:21:06'),(4375,'16171497L',327,NULL,'GUEU','YESSOEU EUNICE JEMIMA','21/11/2005',NULL,'F','Non',NULL,NULL,NULL,NULL,NULL,'2016-11-14 00:21:06','2016-11-14 00:21:06'),(4376,'16172793Y',327,NULL,'GUIRO','SAFI','07/06/2003',NULL,'F','Non',NULL,NULL,NULL,NULL,NULL,'2016-11-14 00:21:06','2016-11-14 00:21:06'),(4377,'15156597A',327,NULL,'KAMBIRE','HERBOUR ADELE','04/11/2003',NULL,'F','Oui',NULL,NULL,NULL,NULL,NULL,'2016-11-14 00:21:06','2016-11-14 00:21:06'),(4378,'16171178M',327,NULL,'KANYILI','EPIO','16/03/2001',NULL,'F','Non',NULL,NULL,NULL,NULL,NULL,'2016-11-14 00:21:06','2016-11-14 00:21:06'),(4379,'16189483X',327,NULL,'KARAMOKO','MARIAM','20/11/2005',NULL,'F','Non',NULL,NULL,NULL,NULL,NULL,'2016-11-14 00:21:06','2016-11-14 00:21:06'),(4380,'16171475A',327,NULL,'KEBE ','MARIAM','11/01/2002',NULL,'F','Non',NULL,NULL,NULL,NULL,NULL,'2016-11-14 00:21:06','2016-11-14 00:21:06'),(4381,'16174554E',327,NULL,'KEITA ','MADOUSSOU ','05/09/2005',NULL,'F','Non',NULL,NULL,NULL,NULL,NULL,'2016-11-14 00:21:06','2016-11-14 00:21:06'),(4382,'16171171V',327,NULL,'KOFFI','AKISSI LEA','22/03/2004',NULL,'F','Non',NULL,NULL,NULL,NULL,NULL,'2016-11-14 00:21:06','2016-11-14 00:21:06'),(4383,'16174990E',327,NULL,'KOFFI ','AMENAN BENIAN','18/10/2006',NULL,'F','Non',NULL,NULL,NULL,NULL,NULL,'2016-11-14 00:21:06','2016-11-14 00:21:06'),(4384,'16182442Z',327,NULL,'KONATE','DOKUIE BARRAKISSA','01/01/2001',NULL,'F','Non',NULL,NULL,NULL,NULL,NULL,'2016-11-14 00:21:06','2016-11-14 00:21:06'),(4385,'16170820U',327,NULL,'KONATE','FATIM YASINE','27/06/2004',NULL,'F','Non',NULL,NULL,NULL,NULL,NULL,'2016-11-14 00:21:06','2016-11-14 00:21:06'),(4386,'16172622E',327,NULL,'KONATE','AMI NOURA','24/02/2006',NULL,'F','Non',NULL,NULL,NULL,NULL,NULL,'2016-11-14 00:21:06','2016-11-14 00:21:06'),(4387,'16172255J',327,NULL,'KONE','CLANA SONGUIMAIN ESTHER','12/04/2006',NULL,'F','Non',NULL,NULL,NULL,NULL,NULL,'2016-11-14 00:21:06','2016-11-14 00:21:06'),(4388,'16185917C',327,NULL,'KONE','MARIAM','22/02/2004',NULL,'F','Non',NULL,NULL,NULL,NULL,NULL,'2016-11-14 00:21:06','2016-11-14 00:21:06'),(4389,'16188808T',327,NULL,'KONE','MYRIAM  KENY  ZARA ','07/12/2006',NULL,'F','Non',NULL,NULL,NULL,NULL,NULL,'2016-11-14 00:21:06','2016-11-14 00:21:06'),(4390,'16171431D',327,NULL,'KOUADIO','AFFOUE ANGE ACSA BENIANSO','01/04/2006',NULL,'F','Non',NULL,NULL,NULL,NULL,NULL,'2016-11-14 00:21:06','2016-11-14 00:21:06'),(4391,'1617114M',327,NULL,'KOUADIO','AYA DEBORAH','12/12/2004',NULL,'F','Non',NULL,NULL,NULL,NULL,NULL,'2016-11-14 00:21:06','2016-11-14 00:21:06'),(4392,'16335501T',327,NULL,'KOUADIO ','AYA  ANNE CHRISTIANE','23/12/2004',NULL,'F','Non',NULL,NULL,NULL,NULL,NULL,'2016-11-14 00:21:06','2016-11-14 00:21:06'),(4393,'16171099B',327,NULL,'KOUAKOU','AHOU EMMA FIDELE','24/04/2003',NULL,'F','Non',NULL,NULL,NULL,NULL,NULL,'2016-11-14 00:21:06','2016-11-14 00:21:06'),(4394,'16173500J',327,NULL,'KOUAKOU','AHOU COLETTE','04/11/2004',NULL,'F','Non',NULL,NULL,NULL,NULL,NULL,'2016-11-14 00:21:06','2016-11-14 00:21:06'),(4395,'16293744P',327,NULL,'KOUAKOU','AMOIN JOCELYNE','30/12/2002',NULL,'F','Non',NULL,NULL,NULL,NULL,NULL,'2016-11-14 00:21:06','2016-11-14 00:21:06'),(4396,'15156000S',327,NULL,'KOUAME','N\'GORAN REINE','24/12/2004',NULL,'F','Oui',NULL,NULL,NULL,NULL,NULL,'2016-11-14 00:21:06','2016-11-14 00:21:06'),(4397,'16171778K',327,NULL,'KOUAME','AFFOUET ANNE-MARIE','20/11/2006',NULL,'F','Non',NULL,NULL,NULL,NULL,NULL,'2016-11-14 00:21:06','2016-11-14 00:21:06'),(4398,'16170769N',327,NULL,'KOUASSI','ADJOUA ANGE OCEANE','25/10/2005',NULL,'F','Non',NULL,NULL,NULL,NULL,NULL,'2016-11-14 00:21:06','2016-11-14 00:21:06'),(4399,'16172283U',327,NULL,'KOUASSI','AHOU MARIA SEPHORA ','01/01/2005',NULL,'F','Non',NULL,NULL,NULL,NULL,NULL,'2016-11-14 00:21:06','2016-11-14 00:21:06'),(4400,'16170759Q',327,NULL,'KOULIBALI','ROKIA','23/06/2005',NULL,'F','Non',NULL,NULL,NULL,NULL,NULL,'2016-11-14 00:21:06','2016-11-14 00:21:06'),(4401,'16173945C',327,NULL,'KOUSSE','DJENEBA','12/08/2005',NULL,'F','Non',NULL,NULL,NULL,NULL,NULL,'2016-11-14 00:21:06','2016-11-14 00:21:06'),(4402,'15156672N',327,NULL,'KY','AMINATA','31/01/2002',NULL,'F','Oui',NULL,NULL,NULL,NULL,NULL,'2016-11-14 00:21:06','2016-11-14 00:21:06'),(4403,'16187312T',327,NULL,'MAGASSA','FATOUMATA','28/12/2004',NULL,'F','Non',NULL,NULL,NULL,NULL,NULL,'2016-11-14 00:21:06','2016-11-14 00:21:06'),(4404,'16170749H',327,NULL,'M\'BRA','AYA GRACE DIVINE','11/10/2004',NULL,'F','Non',NULL,NULL,NULL,NULL,NULL,'2016-11-14 00:21:06','2016-11-14 00:21:06'),(4405,'16171028J',327,NULL,'N\'GUESSAN','ADJOUA BEATRICE','30/01/1900',NULL,'F','Non',NULL,NULL,NULL,NULL,NULL,'2016-11-14 00:21:06','2016-11-14 00:21:06'),(4406,'16084867S',327,NULL,'NIANDOU','AMINATOU','04/05/2005',NULL,'F','Non',NULL,NULL,NULL,NULL,NULL,'2016-11-14 00:21:06','2016-11-14 00:21:06'),(4407,'16189631F',327,NULL,'N\'ZIAN','ADJO GRACE EMMANUELLA','26/01/2006',NULL,'F','Non',NULL,NULL,NULL,NULL,NULL,'2016-11-14 00:21:06','2016-11-14 00:21:06'),(4408,'16170368J',327,NULL,'OUATTARA ','GNELE AFOUCHATA','26/07/2006',NULL,'F','Non',NULL,NULL,NULL,NULL,NULL,'2016-11-14 00:21:06','2016-11-14 00:21:06'),(4409,'16367819E',327,NULL,'OUATTARA ','MIKAN BLANCHE ANDREA','05/12/2005',NULL,'F','Non',NULL,NULL,NULL,NULL,NULL,'2016-11-14 00:21:06','2016-11-14 00:21:06'),(4410,'16330502R',327,NULL,'OUATTARA ','DJENINBOU','13/01/2005',NULL,'F','Non',NULL,NULL,NULL,NULL,NULL,'2016-11-14 00:21:06','2016-11-14 00:21:06'),(4411,'16170359M',327,NULL,'OYEKOLA','OYEYEMI SUZANNE','21/01/2006',NULL,'F','Non',NULL,NULL,NULL,NULL,NULL,'2016-11-14 00:21:06','2016-11-14 00:21:06'),(4412,'16187016T',327,NULL,'SAMAKE','DJELIKA JASMINE','27/11/2004',NULL,'F','Non',NULL,NULL,NULL,NULL,NULL,'2016-11-14 00:21:06','2016-11-14 00:21:06'),(4413,'16172993T',327,NULL,'SANFO','MARIAM','02/11/2002',NULL,'F','Non',NULL,NULL,NULL,NULL,NULL,'2016-11-14 00:21:06','2016-11-14 00:21:06'),(4414,'16396927W',327,NULL,'SEKONGO','STYLMIN HEAVEN TIOLODJO','25/04/2006',NULL,'F','Non',NULL,NULL,NULL,NULL,NULL,'2016-11-14 00:21:06','2016-11-14 00:21:06'),(4415,'16170707J',327,NULL,'SENOU','ROKIA','30/12/2004',NULL,'F','Non',NULL,NULL,NULL,NULL,NULL,'2016-11-14 00:21:06','2016-11-14 00:21:06'),(4416,'16171686C',327,NULL,'SOUMAHORO','AICHATA RAISSA','25/08/2004',NULL,'F','Non',NULL,NULL,NULL,NULL,NULL,'2016-11-14 00:21:06','2016-11-14 00:21:06'),(4417,'16170323P',327,NULL,'TAPE','FALAUNE','28/12/2004',NULL,'F','Non',NULL,NULL,NULL,NULL,NULL,'2016-11-14 00:21:06','2016-11-14 00:21:06'),(4418,'16174531P',327,NULL,'TIGANA','FATOUMATA','20/02/2002',NULL,'F','Non',NULL,NULL,NULL,NULL,NULL,'2016-11-14 00:21:06','2016-11-14 00:21:06'),(4419,'16170319R',327,NULL,'TOA','LOU YRIALO AIMEE LEILA','20/02/2007',NULL,'F','Non',NULL,NULL,NULL,NULL,NULL,'2016-11-14 00:21:06','2016-11-14 00:21:06'),(4420,'15157016N',327,NULL,'TOURE','MAWA MOUSSOKORO','14/07/2001',NULL,'F','Oui',NULL,NULL,NULL,NULL,NULL,'2016-11-14 00:21:06','2016-11-14 00:21:06'),(4421,'16173868D',327,NULL,'TOURE','YENIN CHARLOTTE','01/01/2004',NULL,'F','Non',NULL,NULL,NULL,NULL,NULL,'2016-11-14 00:21:06','2016-11-14 00:21:06'),(4422,'16330421F',327,NULL,'TOURE','MANAKPE','29/07/2006',NULL,'F','Non',NULL,NULL,NULL,NULL,NULL,'2016-11-14 00:21:06','2016-11-14 00:21:06'),(4423,'16171649F',327,NULL,'TOURE ','SALIMATA','13/08/2004',NULL,'F','Non',NULL,NULL,NULL,NULL,NULL,'2016-11-14 00:21:06','2016-11-14 00:21:06'),(4424,'15156780Q',327,NULL,'TRAORE','FATOUMATA','26/02/2000',NULL,'F','Oui',NULL,NULL,NULL,NULL,NULL,'2016-11-14 00:21:06','2016-11-14 00:21:06'),(4425,'16171634Q',327,NULL,'TRAORE','MINATA','23/10/2004',NULL,'F','Non',NULL,NULL,NULL,NULL,NULL,'2016-11-14 00:21:06','2016-11-14 00:21:06'),(4426,'16171296F',327,NULL,'WAGUE','N\'GNAKALE','24/12/2001',NULL,'F','Non',NULL,NULL,NULL,NULL,NULL,'2016-11-14 00:21:06','2016-11-14 00:21:06'),(4427,'16171295N',327,NULL,'WANDAOGO','FAYIDA','16/11/2003',NULL,'F','Non',NULL,NULL,NULL,NULL,NULL,'2016-11-14 00:21:06','2016-11-14 00:21:06'),(4428,'16171978N',327,NULL,'YAO','AYA CHIMENE DORIS','12/08/2002',NULL,'F','Non',NULL,NULL,NULL,NULL,NULL,'2016-11-14 00:21:06','2016-11-14 00:21:06'),(4429,'16173958H',327,NULL,'YEO','TENINDJA CARMELLE','16/12/2006',NULL,'F','Non',NULL,NULL,NULL,NULL,NULL,'2016-11-14 00:21:06','2016-11-14 00:21:06'),(4430,'16190032F',327,NULL,'YEO','WODAHAN SYNTYCHE','23/08/2005',NULL,'F','Non',NULL,NULL,NULL,NULL,NULL,'2016-11-14 00:21:06','2016-11-14 00:21:06'),(4431,'16170956M',327,NULL,'YEO','SYLVIE','20/08/2004',NULL,'F','Non',NULL,NULL,NULL,NULL,NULL,'2016-11-14 00:21:06','2016-11-14 00:21:06'),(4432,'16016926G',327,NULL,'ZERBO','FATY','03/01/2006',NULL,'F','Non',NULL,NULL,NULL,NULL,NULL,'2016-11-14 00:21:06','2016-11-14 00:21:06'),(4433,'16073363G',328,NULL,'AKAKI','MAMIE AYA GRACE CAROLE','18/08/2006',NULL,'F','Non',NULL,NULL,NULL,NULL,NULL,'2016-11-14 00:21:39','2016-11-14 00:21:39'),(4434,'16171597D',328,NULL,'ANOH','AHOU MARINA','03/12/2004',NULL,'F','Non',NULL,NULL,NULL,NULL,NULL,'2016-11-14 00:21:39','2016-11-14 00:21:39'),(4435,'16172216F',328,NULL,'BALLO','FATOUMATA','16/06/2005',NULL,'F','Non',NULL,NULL,NULL,NULL,NULL,'2016-11-14 00:21:39','2016-11-14 00:21:39'),(4436,'15156824Q',328,NULL,'BAYALA','SOLANGE','11/05/2000',NULL,'F','Oui',NULL,NULL,NULL,NULL,NULL,'2016-11-14 00:21:39','2016-11-14 00:21:39'),(4437,'16171239L',328,NULL,'BAYILI','EYOMBIE','06/07/2003',NULL,'F','Non',NULL,NULL,NULL,NULL,NULL,'2016-11-14 00:21:39','2016-11-14 00:21:39'),(4438,'16171910W',328,NULL,'CAMARA','FANTA','09/04/2003',NULL,'F','Non',NULL,NULL,NULL,NULL,NULL,'2016-11-14 00:21:39','2016-11-14 00:21:39'),(4439,'16184576U',328,NULL,'CAMARA','AMINATA','21/06/2004',NULL,'F','Non',NULL,NULL,NULL,NULL,NULL,'2016-11-14 00:21:39','2016-11-14 00:21:39'),(4440,'16328487E',328,NULL,'CAMARA','KLINTCHO DEBORA','08/02/2004',NULL,'F','Non',NULL,NULL,NULL,NULL,NULL,'2016-11-14 00:21:39','2016-11-14 00:21:39'),(4441,'15164643F',328,NULL,'COULIBALY','OUMOU','19/10/2002',NULL,'F','Oui',NULL,NULL,NULL,NULL,NULL,'2016-11-14 00:21:39','2016-11-14 00:21:39'),(4442,'16172475Z',328,NULL,'COULIBALY','BINTOU','06/04/2004',NULL,'F','Non',NULL,NULL,NULL,NULL,NULL,'2016-11-14 00:21:39','2016-11-14 00:21:39'),(4443,'16240089S',328,NULL,'COULIBALY','SALY','16/01/2004',NULL,'F','Non',NULL,NULL,NULL,NULL,NULL,'2016-11-14 00:21:39','2016-11-14 00:21:39'),(4444,'16330275Z',328,NULL,'COULIBALY','NAMINTANWORO','18/12/2005',NULL,'F','Non',NULL,NULL,NULL,NULL,NULL,'2016-11-14 00:21:39','2016-11-14 00:21:39'),(4445,'16170594H',328,NULL,'DAO','MAMA YASMINE YELE','01/04/2005',NULL,'F','Non',NULL,NULL,NULL,NULL,NULL,'2016-11-14 00:21:39','2016-11-14 00:21:39'),(4446,'16185989X',328,NULL,'DAO','SARATA YASMINE','26/12/2005',NULL,'F','Non',NULL,NULL,NULL,NULL,NULL,'2016-11-14 00:21:39','2016-11-14 00:21:39'),(4447,'15157123K',328,NULL,'DIABY','NASSANABA','01/01/2002',NULL,'F','Oui',NULL,NULL,NULL,NULL,NULL,'2016-11-14 00:21:39','2016-11-14 00:21:39'),(4448,'16171539P',328,NULL,'DIALLO','AWA','14/10/2002',NULL,'F','Non',NULL,NULL,NULL,NULL,NULL,'2016-11-14 00:21:39','2016-11-14 00:21:39'),(4449,'16429278Q',328,NULL,'DIALLO','SAFIATOU','01/01/2004',NULL,'F','Non',NULL,NULL,NULL,NULL,NULL,'2016-11-14 00:21:39','2016-11-14 00:21:39'),(4450,'16170582G',328,NULL,'DIARRA ','DJENEBA','06/04/2004',NULL,'F','Non',NULL,NULL,NULL,NULL,NULL,'2016-11-14 00:21:39','2016-11-14 00:21:39'),(4451,'16170579K',328,NULL,'DIARRASSOUBA','MARIAM JIMA','20/01/2006',NULL,'F','Non',NULL,NULL,NULL,NULL,NULL,'2016-11-14 00:21:39','2016-11-14 00:21:39'),(4452,'16174557B',328,NULL,'DOUMBIA','MADJOULA','22/06/2002',NULL,'F','Non',NULL,NULL,NULL,NULL,NULL,'2016-11-14 00:21:39','2016-11-14 00:21:39'),(4453,'16171853P',328,NULL,'FOFANA','KAKA RAMI','04/05/2004',NULL,'F','Non',NULL,NULL,NULL,NULL,NULL,'2016-11-14 00:21:39','2016-11-14 00:21:39'),(4454,'16187096J',328,NULL,'FOFANA','MAWA','09/04/2002',NULL,'F','Non',NULL,NULL,NULL,NULL,NULL,'2016-11-14 00:21:39','2016-11-14 00:21:39'),(4455,'16170846C',328,NULL,'GUINDO','AWA','26/02/2001',NULL,'F','Non',NULL,NULL,NULL,NULL,NULL,'2016-11-14 00:21:39','2016-11-14 00:21:39'),(4456,'16172223B',328,NULL,'HASSANE','FOUSSEINA','20/09/2002',NULL,'F','Non',NULL,NULL,NULL,NULL,NULL,'2016-11-14 00:21:39','2016-11-14 00:21:39'),(4457,'15157181L',328,NULL,'KANGA','BOUSSIEH AUDREY GRACE OLIVIA','28/06/2000',NULL,'F','Oui',NULL,NULL,NULL,NULL,NULL,'2016-11-14 00:21:39','2016-11-14 00:21:39'),(4458,'16171838R',328,NULL,'KASSAMBARA','SANATA','28/11/2004',NULL,'F','Non',NULL,NULL,NULL,NULL,NULL,'2016-11-14 00:21:39','2016-11-14 00:21:39'),(4459,'16171472X',328,NULL,'KOFFI','AMENAN EVELYNE','26/01/2005',NULL,'F','Non',NULL,NULL,NULL,NULL,NULL,'2016-11-14 00:21:39','2016-11-14 00:21:39'),(4460,'16189717Y',328,NULL,'KOFFI','AMLAN RUTH MARIE KADY','22/09/2005',NULL,'F','Non',NULL,NULL,NULL,NULL,NULL,'2016-11-14 00:21:39','2016-11-14 00:21:39'),(4461,'16174989X',328,NULL,'KOFFI','AMENAN ROSINE','20/11/2005',NULL,'F','Non',NULL,NULL,NULL,NULL,NULL,'2016-11-14 00:21:39','2016-11-14 00:21:39'),(4462,'16170828K',328,NULL,'KONAN','AHOU TATIANA','25/02/2005',NULL,'F','Non',NULL,NULL,NULL,NULL,NULL,'2016-11-14 00:21:39','2016-11-14 00:21:39'),(4463,'16172780A',328,NULL,'KONATE','AWA','30/11/2004',NULL,'F','Non',NULL,NULL,NULL,NULL,NULL,'2016-11-14 00:21:39','2016-11-14 00:21:39'),(4464,'16171446P',328,NULL,'KONE','DJENEBA YASMINE AMOIN EMM','17/04/2004',NULL,'F','Non',NULL,NULL,NULL,NULL,NULL,'2016-11-14 00:21:39','2016-11-14 00:21:39'),(4465,'16172871K',328,NULL,'KONE','FATOUMATA','22/09/2004',NULL,'F','Non',NULL,NULL,NULL,NULL,NULL,'2016-11-14 00:21:39','2016-11-14 00:21:39'),(4466,'16171122J',328,NULL,'KOUADIO','AFFOUE MARTINE','27/11/2005',NULL,'F','Non',NULL,NULL,NULL,NULL,NULL,'2016-11-14 00:21:39','2016-11-14 00:21:39'),(4467,'16170798A',328,NULL,'KOUADIO','CHERELLE PATRICIA ADJO','16/06/2002',NULL,'F','Non',NULL,NULL,NULL,NULL,NULL,'2016-11-14 00:21:39','2016-11-14 00:21:39'),(4468,'16173609B',328,NULL,'KOUADIO ','AHOUSSOU AYA CYNTHIA','28/11/2001',NULL,'F','Non',NULL,NULL,NULL,NULL,NULL,'2016-11-14 00:21:39','2016-11-14 00:21:39'),(4469,'16174027H',328,NULL,'KOUADIO ','AUDE GLOIRE EUNICE ','18/11/2006',NULL,'F','Non',NULL,NULL,NULL,NULL,NULL,'2016-11-14 00:21:39','2016-11-14 00:21:39'),(4470,'16170787H',328,NULL,'KOUAKOU','AHOU GRACE AUDREY','15/12/2005',NULL,'F','Non',NULL,NULL,NULL,NULL,NULL,'2016-11-14 00:21:39','2016-11-14 00:21:39'),(4471,'16172218C',328,NULL,'KOUAKOU','AMOIN SYNTIA','09/10/2005',NULL,'F','Non',NULL,NULL,NULL,NULL,NULL,'2016-11-14 00:21:39','2016-11-14 00:21:39'),(4472,'16181061L',328,NULL,'KOUAKOU','AHOU ANNE PENUELLE','11/05/2006',NULL,'F','Non',NULL,NULL,NULL,NULL,NULL,'2016-11-14 00:21:39','2016-11-14 00:21:39'),(4473,'16435349P',328,NULL,'KOUAKOU ','MARIE CLAUDE ROLANDE ','13/05/2006',NULL,'F','Non',NULL,NULL,NULL,NULL,NULL,'2016-11-14 00:21:39','2016-11-14 00:21:39'),(4474,'16183108U',328,NULL,'KOUAKOU ','AMOIN ADELINE','01/03/2004',NULL,'F','Non',NULL,NULL,NULL,NULL,NULL,'2016-11-14 00:21:39','2016-11-14 00:21:39'),(4475,'16171412W',328,NULL,'KOUAME','AKISSI ANGE BERENISSE','02/09/2002',NULL,'F','Non',NULL,NULL,NULL,NULL,NULL,'2016-11-14 00:21:39','2016-11-14 00:21:39'),(4476,'16191454J',328,NULL,'KOUAME','ADJOUA ROSE','27/10/2004',NULL,'F','Non',NULL,NULL,NULL,NULL,NULL,'2016-11-14 00:21:39','2016-11-14 00:21:39'),(4477,'16171067K',328,NULL,'KOUASSI','AHOU SYNTIA','22/09/2002',NULL,'F','Non',NULL,NULL,NULL,NULL,NULL,'2016-11-14 00:21:39','2016-11-14 00:21:39'),(4478,'16222011R',328,NULL,'KOUASSI','AHOU ANNE MARIE','30/01/2004',NULL,'F','Non',NULL,NULL,NULL,NULL,NULL,'2016-11-14 00:21:39','2016-11-14 00:21:39'),(4479,'16171054Q',328,NULL,'KOUYATE','AWA','01/01/2003',NULL,'F','Non',NULL,NULL,NULL,NULL,NULL,'2016-11-14 00:21:39','2016-11-14 00:21:39'),(4480,'16174050R',328,NULL,'KOUYATE','SIENTCHON DJENEBOU SAMY','24/02/2004',NULL,'F','Non',NULL,NULL,NULL,NULL,NULL,'2016-11-14 00:21:39','2016-11-14 00:21:39'),(4481,'15156953N',328,NULL,'MEITE','FANTA','22/12/2000',NULL,'F','Oui',NULL,NULL,NULL,NULL,NULL,'2016-11-14 00:21:39','2016-11-14 00:21:39'),(4482,'16171043G',328,NULL,'MIESSAN','AKOUBA ORIANE-DE-LIMA','14/11/2002',NULL,'F','Non',NULL,NULL,NULL,NULL,NULL,'2016-11-14 00:21:39','2016-11-14 00:21:39'),(4483,'16185859H',328,NULL,'N\'DRI','AHOUTOU GRACE EMMANUELLE','16/12/2003',NULL,'F','Non',NULL,NULL,NULL,NULL,NULL,'2016-11-14 00:21:39','2016-11-14 00:21:39'),(4484,'16292891Y',328,NULL,'N\'DRI','AFFOUE PATRICIA','20/12/2005',NULL,'F','Non',NULL,NULL,NULL,NULL,NULL,'2016-11-14 00:21:39','2016-11-14 00:21:39'),(4485,'16170385J',328,NULL,'N\'GUESSAN','AKISSI ESTHELLE','14/12/2004',NULL,'F','Non',NULL,NULL,NULL,NULL,NULL,'2016-11-14 00:21:39','2016-11-14 00:21:39'),(4486,'16330459V',328,NULL,'N\'GUESSAN','AYA CHRISTINE ','12/07/2004',NULL,'F','Non',NULL,NULL,NULL,NULL,NULL,'2016-11-14 00:21:39','2016-11-14 00:21:39'),(4487,'15155426D',328,NULL,'OUATTARA','BINTOU','01/01/2001',NULL,'F','Oui',NULL,NULL,NULL,NULL,NULL,'2016-11-14 00:21:39','2016-11-14 00:21:39'),(4488,'16171724J',328,NULL,'OUATTARA','GNIRE SALIMATA','05/07/2005',NULL,'F','Non',NULL,NULL,NULL,NULL,NULL,'2016-11-14 00:21:39','2016-11-14 00:21:39'),(4489,'16329916A',328,NULL,'OUATTARA','FATOUMATA','05/10/2004',NULL,'F','Non',NULL,NULL,NULL,NULL,NULL,'2016-11-14 00:21:39','2016-11-14 00:21:39'),(4490,'16173903E',328,NULL,'OUATTARA','MARIAM  ','15/10/2005',NULL,'F','Non',NULL,NULL,NULL,NULL,NULL,'2016-11-14 00:21:39','2016-11-14 00:21:39'),(4491,'16170358L',328,NULL,'OYOUROU','YABA NAOMIE','30/12/2007',NULL,'F','Non',NULL,NULL,NULL,NULL,NULL,'2016-11-14 00:21:39','2016-11-14 00:21:39'),(4492,'15156716J',328,NULL,'SAMAKE','AMINATA','09/02/2001',NULL,'F','Oui',NULL,NULL,NULL,NULL,NULL,'2016-11-14 00:21:39','2016-11-14 00:21:39'),(4493,'16172864D',328,NULL,'SAMAKE','OUMOU','19/11/2004',NULL,'F','Non',NULL,NULL,NULL,NULL,NULL,'2016-11-14 00:21:39','2016-11-14 00:21:39'),(4494,'16073215N',328,NULL,'SAMASSI ','AÏCHATA SAMIRA','26/05/2005',NULL,'F','Non',NULL,NULL,NULL,NULL,NULL,'2016-11-14 00:21:39','2016-11-14 00:21:39'),(4495,'16172757B',328,NULL,'SANGARE','AICHA NATACHA','12/12/2005',NULL,'F','Non',NULL,NULL,NULL,NULL,NULL,'2016-11-14 00:21:39','2016-11-14 00:21:39'),(4496,'16171697E',328,NULL,'SIDIBE','SALIMATA','26/06/2002',NULL,'F','Non',NULL,NULL,NULL,NULL,NULL,'2016-11-14 00:21:39','2016-11-14 00:21:39'),(4497,'16184868V',328,NULL,'SILUE','TIELIDIO MARIE MYRIAME','12/11/2005',NULL,'F','Non',NULL,NULL,NULL,NULL,NULL,'2016-11-14 00:21:39','2016-11-14 00:21:39'),(4498,'16188718Z',328,NULL,'SOUMAHORO','MADOUSSOU STEPHIE','01/01/2005',NULL,'F','Non',NULL,NULL,NULL,NULL,NULL,'2016-11-14 00:21:39','2016-11-14 00:21:39'),(4499,'16171683H',328,NULL,'SOUMARE','FATOU','01/12/2003',NULL,'F','Non',NULL,NULL,NULL,NULL,NULL,'2016-11-14 00:21:39','2016-11-14 00:21:39'),(4500,'16174530Q',328,NULL,'TIGANA','MARIAM ','27/04/2004',NULL,'F','Non',NULL,NULL,NULL,NULL,NULL,'2016-11-14 00:21:39','2016-11-14 00:21:39'),(4501,'16170306L',328,NULL,'TOURE','YENIN YEMIGO RAISSA','30/06/2004',NULL,'F','Non',NULL,NULL,NULL,NULL,NULL,'2016-11-14 00:21:39','2016-11-14 00:21:39'),(4502,'16330081L',328,NULL,'TOURE','NAMARO','31/10/2004',NULL,'F','Non',NULL,NULL,NULL,NULL,NULL,'2016-11-14 00:21:39','2016-11-14 00:21:39'),(4503,'16184842P',328,NULL,'TRAORE','KOURA NAOMI','06/11/2005',NULL,'F','Non',NULL,NULL,NULL,NULL,NULL,'2016-11-14 00:21:39','2016-11-14 00:21:39'),(4504,'16172230K',328,NULL,'TRAORE','FANTA','21/06/2005',NULL,'F','Non',NULL,NULL,NULL,NULL,NULL,'2016-11-14 00:21:39','2016-11-14 00:21:39'),(4505,'16171301Y',328,NULL,'TRAORE','NAWA','08/02/2006',NULL,'F','Non',NULL,NULL,NULL,NULL,NULL,'2016-11-14 00:21:39','2016-11-14 00:21:39'),(4506,'16406435D',328,NULL,'YAO','AYA MARIE LAURE','12/05/2002',NULL,'F','Non',NULL,NULL,NULL,NULL,NULL,'2016-11-14 00:21:39','2016-11-14 00:21:39'),(4507,'16171292B',328,NULL,'YAO','AHOU MILCA MAGRACE','19/05/2005',NULL,'F','Non',NULL,NULL,NULL,NULL,NULL,'2016-11-14 00:21:39','2016-11-14 00:21:39'),(4508,'16170954K',328,NULL,'YERBANGA','MATOU','03/11/2004',NULL,'F','Non',NULL,NULL,NULL,NULL,NULL,'2016-11-14 00:21:39','2016-11-14 00:21:39'),(5296,'10070775B',390,NULL,'ADEBINKPE','FAISSOLATU OMONIYI','07/09/1997',NULL,'F','Non',NULL,NULL,NULL,NULL,NULL,'2016-11-14 00:48:49','2016-11-14 00:48:49'),(5297,'07057745E',390,NULL,'AHI','AMANI  MARIE THERESE  CAROLLE ','29/07/1996',NULL,'F','Non',NULL,NULL,NULL,NULL,NULL,'2016-11-14 00:48:49','2016-11-14 00:48:49'),(5298,'09079827G',390,NULL,'BAI','ZOUKOU  NAOMI  EUNICE  HERVEE ','20/08/1997',NULL,'F','Oui',NULL,NULL,NULL,NULL,NULL,'2016-11-14 00:48:49','2016-11-14 00:48:49'),(5299,'08072789Y',390,NULL,'BALDE','ZEINABOU','01/11/1995',NULL,'F','Non',NULL,NULL,NULL,NULL,NULL,'2016-11-14 00:48:49','2016-11-14 00:48:49'),(5300,'10032942A',390,NULL,'BAMBA','HADJA MYRIAM SALMA MANTOHELA','19/11/2000',NULL,'F','Non',NULL,NULL,NULL,NULL,NULL,'2016-11-14 00:48:49','2016-11-14 00:48:49'),(5301,'08073206F',390,NULL,'BARI','KADIDJA','27/04/1997',NULL,'F','Non',NULL,NULL,NULL,NULL,NULL,'2016-11-14 00:48:49','2016-11-14 00:48:49'),(5302,'06127483D',390,NULL,'BIA','TOSSETA SATY RAISSA EPIPHANIE','30/12/1995',NULL,'F','Oui',NULL,NULL,NULL,NULL,NULL,'2016-11-14 00:48:49','2016-11-14 00:48:49'),(5303,'10064272L',390,NULL,'COULIBALY','SOURTHIO YANNE EMMANUELA','17/07/1999',NULL,'F','Non',NULL,NULL,NULL,NULL,NULL,'2016-11-14 00:48:49','2016-11-14 00:48:49'),(5304,'08070961W',390,NULL,'COULIBALY','PEFIGUE ASSETOU','06/01/1900',NULL,'F','Oui',NULL,NULL,NULL,NULL,NULL,'2016-11-14 00:48:49','2016-11-14 00:48:49'),(5305,'09149908T',390,NULL,'COULIBALY','TCHEMONGO KATIANHOUA SORO','20/07/1997',NULL,'F','Oui',NULL,NULL,NULL,NULL,NULL,'2016-11-14 00:48:49','2016-11-14 00:48:49'),(5306,'09040926B',390,NULL,'DEGILA','AMENAN SHEYGNON JUDICAELLE','06/05/1998',NULL,'F','Non',NULL,NULL,NULL,NULL,NULL,'2016-11-14 00:48:49','2016-11-14 00:48:49'),(5307,'10064284D',390,NULL,'DEMBELE','FATOUMATA','06/07/1999',NULL,'F','Non',NULL,NULL,NULL,NULL,NULL,'2016-11-14 00:48:49','2016-11-14 00:48:49'),(5308,'10089482B',390,NULL,'DIABATE','DOUIN EVODIE','17/12/2000',NULL,'F','Non',NULL,NULL,NULL,NULL,NULL,'2016-11-14 00:48:49','2016-11-14 00:48:49'),(5309,'07131735U',390,NULL,'DIABY','MYRIAM','22/02/1995',NULL,'F','Non',NULL,NULL,NULL,NULL,NULL,'2016-11-14 00:48:49','2016-11-14 00:48:49'),(5310,'08420417E',390,NULL,'DIARRASSOUBA','AICHA','24/03/1997',NULL,'F','Oui',NULL,NULL,NULL,NULL,NULL,'2016-11-14 00:48:49','2016-11-14 00:48:49'),(5311,'10065001C',390,NULL,'DIHEOU','ABENAN BIRRE FATIMATA','04/10/1999',NULL,'F','Non',NULL,NULL,NULL,NULL,NULL,'2016-11-14 00:48:49','2016-11-14 00:48:49'),(5312,'09560327J',390,NULL,'DJE','LOU GOUNAN VALERY','13/06/1996',NULL,'F','Non',NULL,NULL,NULL,NULL,NULL,'2016-11-14 00:48:49','2016-11-14 00:48:49'),(5313,'10065013T',390,NULL,'DOSSO','CESSE ALIMANTA','02/08/2001',NULL,'F','Non',NULL,NULL,NULL,NULL,NULL,'2016-11-14 00:48:49','2016-11-14 00:48:49'),(5314,'06422143B',390,NULL,'DOUMBIA','FATOUMATA','22/12/1995',NULL,'F','Oui',NULL,NULL,NULL,NULL,NULL,'2016-11-14 00:48:49','2016-11-14 00:48:49'),(5315,'09150002P',390,NULL,'DRABO','FATIME','09/01/1900',NULL,'F','Oui',NULL,NULL,NULL,NULL,NULL,'2016-11-14 00:48:49','2016-11-14 00:48:49'),(5316,'10065045S',390,NULL,'FOFANA','AMI','21/07/1999',NULL,'F','Non',NULL,NULL,NULL,NULL,NULL,'2016-11-14 00:48:49','2016-11-14 00:48:49'),(5317,'08070605T',390,NULL,'GNANGUI','CHIA-AUDREY JULIENNE','16/02/1996',NULL,'F','Oui',NULL,NULL,NULL,NULL,NULL,'2016-11-14 00:48:49','2016-11-14 00:48:49'),(5318,'09070033R',390,NULL,'GNANZOU','EVA SANDRIA','07/04/1998',NULL,'F','Non',NULL,NULL,NULL,NULL,NULL,'2016-11-14 00:48:49','2016-11-14 00:48:49'),(5319,'09150047A',390,NULL,'GUEI','M\'TI LOUISE CINDY','28/06/1999',NULL,'F','Non',NULL,NULL,NULL,NULL,NULL,'2016-11-14 00:48:49','2016-11-14 00:48:49'),(5320,'09154798V',390,NULL,'KAMBO','SALETCHIN REINE- OPPORTUNE','10/09/1996',NULL,'F','Oui',NULL,NULL,NULL,NULL,NULL,'2016-11-14 00:48:49','2016-11-14 00:48:49'),(5321,'06015831T',390,NULL,'KANGA','AHOU HUBERTINE','12/09/1995',NULL,'F','Oui',NULL,NULL,NULL,NULL,NULL,'2016-11-14 00:48:49','2016-11-14 00:48:49'),(5322,'10065113U',390,NULL,'KIDBANE','NOELLE','25/12/1999',NULL,'F','Non',NULL,NULL,NULL,NULL,NULL,'2016-11-14 00:48:49','2016-11-14 00:48:49'),(5323,'10149623B',390,NULL,'KONAN','BLEDJA KEITH MARIANE','04/10/1999',NULL,'F','Non',NULL,NULL,NULL,NULL,NULL,'2016-11-14 00:48:49','2016-11-14 00:48:49'),(5324,'10153964R',390,NULL,'KONE','TIELEFOUN YEO BINTOU','17/09/1998',NULL,'F','Non',NULL,NULL,NULL,NULL,NULL,'2016-11-14 00:48:49','2016-11-14 00:48:49'),(5325,'09150254N',390,NULL,'KOUADIO','AHOU REBECCA ANNE-RACHEL','01/01/1999',NULL,'F','Non',NULL,NULL,NULL,NULL,NULL,'2016-11-14 00:48:49','2016-11-14 00:48:49'),(5326,'08057978D',390,NULL,'KOUADIO','AKISSI ANNE AUGUSTINE','18/12/1996',NULL,'F','Non',NULL,NULL,NULL,NULL,NULL,'2016-11-14 00:48:49','2016-11-14 00:48:49'),(5327,'11522705T',390,NULL,'KOUADIO','AHOU DAN CLAVERIE','23/12/1997',NULL,'F','Non',NULL,NULL,NULL,NULL,NULL,'2016-11-14 00:48:49','2016-11-14 00:48:49'),(5328,'08070680R',390,NULL,'KOUADIO','AMOIN ODILON ESTHER','04/01/1900',NULL,'F','Oui',NULL,NULL,NULL,NULL,NULL,'2016-11-14 00:48:49','2016-11-14 00:48:49'),(5329,'09283602Z',390,NULL,'KOUAKOU','SIEH- MIN MYRA ANDREA','17/09/1999',NULL,'F','Oui',NULL,NULL,NULL,NULL,NULL,'2016-11-14 00:48:49','2016-11-14 00:48:49'),(5330,'09150360W',390,NULL,'KOUAME','N\'DRI N\'GOH FLEUR DIVINE','12/11/1998',NULL,'F','Non',NULL,NULL,NULL,NULL,NULL,'2016-11-14 00:48:49','2016-11-14 00:48:49'),(5331,'08107095H',390,NULL,'KOUASSI','MONTEOMO HUGUETTE','15/09/1997',NULL,'F','Oui',NULL,NULL,NULL,NULL,NULL,'2016-11-14 00:48:49','2016-11-14 00:48:49'),(5332,'10088982Y',390,NULL,'KOUASSI','CAROLLE AHOU AMANDINE','16/12/1999',NULL,'F','Non',NULL,NULL,NULL,NULL,NULL,'2016-11-14 00:48:49','2016-11-14 00:48:49'),(5333,'10150813V',390,NULL,'N\'DRI','AYA FLORA','01/01/1999',NULL,'F','Non',NULL,NULL,NULL,NULL,NULL,'2016-11-14 00:48:49','2016-11-14 00:48:49'),(5334,'09292632U',390,NULL,'N\'DRI','AYA ANNE CHRIS ','03/10/1997',NULL,'F','Non',NULL,NULL,NULL,NULL,NULL,'2016-11-14 00:48:49','2016-11-14 00:48:49'),(5335,'10034902Q',390,NULL,'N\'DRIN','AYA NANCY PRINCESSE CARELLE','15/09/2000',NULL,'F','Non',NULL,NULL,NULL,NULL,NULL,'2016-11-14 00:48:49','2016-11-14 00:48:49'),(5336,'08074015L',390,NULL,'N\'GUESSAN','AFFOUE AMANDINE','02/12/1995',NULL,'F','Non',NULL,NULL,NULL,NULL,NULL,'2016-11-14 00:48:49','2016-11-14 00:48:49'),(5337,'09150453X',390,NULL,'N\'GUESSAN ','AFFOUE MARIE FRANCE TATIANA','21/11/2000',NULL,'F','Non',NULL,NULL,NULL,NULL,NULL,'2016-11-14 00:48:49','2016-11-14 00:48:49'),(5338,'10068611X',390,NULL,'OUANDAOGO','MARIE THERESE','26/05/1998',NULL,'F','Non',NULL,NULL,NULL,NULL,NULL,'2016-11-14 00:48:49','2016-11-14 00:48:49'),(5339,'09151913Q',390,NULL,'OUATTARA','KOROTOUM','08/08/1996',NULL,'F','Non',NULL,NULL,NULL,NULL,NULL,'2016-11-14 00:48:49','2016-11-14 00:48:49'),(5340,'09045231Q',390,NULL,'OUATTARA','BOMBO AWA  MIREILLE','08/07/1999',NULL,'F','Non',NULL,NULL,NULL,NULL,NULL,'2016-11-14 00:48:49','2016-11-14 00:48:49'),(5341,'07027575K',390,NULL,'OUATTARA','AFFOU','28/03/1993',NULL,'F','Oui',NULL,NULL,NULL,NULL,NULL,'2016-11-14 00:48:49','2016-11-14 00:48:49'),(5342,'09209034C',390,NULL,'SANGARE ','FATOUMATA','09/12/1996',NULL,'F','Non',NULL,NULL,NULL,NULL,NULL,'2016-11-14 00:48:49','2016-11-14 00:48:49'),(5343,'07007189X',390,NULL,'SANOGO','FATOUMATA','08/01/1900',NULL,'F','Non',NULL,NULL,NULL,NULL,NULL,'2016-11-14 00:48:49','2016-11-14 00:48:49'),(5344,'10065412E',390,NULL,'SEKONGO','TENIVAGA DJENEBA','18/06/1998',NULL,'F','Non',NULL,NULL,NULL,NULL,NULL,'2016-11-14 00:48:49','2016-11-14 00:48:49'),(5345,'08093487Z',390,NULL,'SIDIBE','AWA NOURA','23/07/1998',NULL,'F','Non',NULL,NULL,NULL,NULL,NULL,'2016-11-14 00:48:49','2016-11-14 00:48:49'),(5346,'10065421N',390,NULL,'SIDIBE','FANTA ABROULAYE','02/08/1999',NULL,'F','Non',NULL,NULL,NULL,NULL,NULL,'2016-11-14 00:48:49','2016-11-14 00:48:49'),(5347,'10066769N',390,NULL,'SILUE','TIAGNOUNON FATOU','29/02/2000',NULL,'F','Non',NULL,NULL,NULL,NULL,NULL,'2016-11-14 00:48:49','2016-11-14 00:48:49'),(5348,'10064712Q',390,NULL,'TAKI','AKOUA NANGUY MARIE-ESTHER','19/11/1999',NULL,'F','Non',NULL,NULL,NULL,NULL,NULL,'2016-11-14 00:48:49','2016-11-14 00:48:49'),(5349,'08071557Q',390,NULL,'TANOH','ASSO THERESE','21/04/1994',NULL,'F','Oui',NULL,NULL,NULL,NULL,NULL,'2016-11-14 00:48:49','2016-11-14 00:48:49'),(5350,'09152170Q',390,NULL,'TIECOURA','AMENAN MARIA SALONNE','19/08/1998',NULL,'F','Non',NULL,NULL,NULL,NULL,NULL,'2016-11-14 00:48:49','2016-11-14 00:48:49'),(5351,'09162229D',390,NULL,'TRAORE','ATCHOUMOUTIO GRACE EMMANUELA','16/08/1999',NULL,'F','Non',NULL,NULL,NULL,NULL,NULL,'2016-11-14 00:48:49','2016-11-14 00:48:49'),(5352,'09089412D',390,NULL,'TRAORE','MAHOUA PENAHOUGNON','31/08/1997',NULL,'F','Oui',NULL,NULL,NULL,NULL,NULL,'2016-11-14 00:48:49','2016-11-14 00:48:49'),(5353,'09156140G',390,NULL,'TRAORE','DJENHIN','25/08/1997',NULL,'F','Oui',NULL,NULL,NULL,NULL,NULL,'2016-11-14 00:48:49','2016-11-14 00:48:49'),(5354,'08074793Y',390,NULL,'YAO','BROU KADY','15/06/1995',NULL,'F','Non',NULL,NULL,NULL,NULL,NULL,'2016-11-14 00:48:49','2016-11-14 00:48:49'),(5355,'07054632E',390,NULL,'YAO','AKISSI BRIGITTE','30/12/1994',NULL,'F','Oui',NULL,NULL,NULL,NULL,NULL,'2016-11-14 00:48:49','2016-11-14 00:48:49'),(5356,'08073589X',390,NULL,'YEO','FERRY FATOU','05/01/1900',NULL,'F','Oui',NULL,NULL,NULL,NULL,NULL,'2016-11-14 00:48:49','2016-11-14 00:48:49'),(5357,'07114407K',390,NULL,'ZAKANE','ALIMATOU','16/08/1993',NULL,'F','Non',NULL,NULL,NULL,NULL,NULL,'2016-11-14 00:48:49','2016-11-14 00:48:49'),(11278,'16416318L',329,NULL,'AMINY ','M\'BRASSE  MARCELLINE ','09/10/2006',NULL,'F','Non',NULL,NULL,NULL,NULL,NULL,'2016-11-14 01:32:23','2016-11-14 01:32:23'),(11279,'16171942H',329,NULL,'ASSAMOI','RAISSA  AMA','06/11/2001',NULL,'F','Non',NULL,NULL,NULL,NULL,NULL,'2016-11-14 01:32:23','2016-11-14 01:32:23'),(11280,'16173169F',329,NULL,'BAMBA','FATOU','23/10/2005',NULL,'F','Non',NULL,NULL,NULL,NULL,NULL,'2016-11-14 01:32:23','2016-11-14 01:32:23'),(11281,'16170926Q',329,NULL,'BAYILI','KANYILI INES APPOLINE','27/10/2004',NULL,'F','Non',NULL,NULL,NULL,NULL,NULL,'2016-11-14 01:32:23','2016-11-14 01:32:23'),(11282,'16175202P',329,NULL,'BOHOGORAN','AMENAN MARIETTE','26/06/2002',NULL,'F','Non',NULL,NULL,NULL,NULL,NULL,'2016-11-14 01:32:23','2016-11-14 01:32:23'),(11283,'16237097U',329,NULL,'BRAHIMA','ORPHAMIE SONRAYA ADJOUA','28/02/2006',NULL,'F','Non',NULL,NULL,NULL,NULL,NULL,'2016-11-14 01:32:23','2016-11-14 01:32:23'),(11284,'16185291D',329,NULL,'CAMARA','DJENEBA','01/12/2005',NULL,'F','Non',NULL,NULL,NULL,NULL,NULL,'2016-11-14 01:32:23','2016-11-14 01:32:23'),(11285,'16171225W',329,NULL,'COULIBALY','AISSA SAFIATOU','17/05/2004',NULL,'F','Non',NULL,NULL,NULL,NULL,NULL,'2016-11-14 01:32:23','2016-11-14 01:32:23'),(11286,'16172664B',329,NULL,'COULIBALY','MADJOUMA NOURA-YASMINE','03/09/2005',NULL,'F','Non',NULL,NULL,NULL,NULL,NULL,'2016-11-14 01:32:23','2016-11-14 01:32:23'),(11287,'16329865R',329,NULL,'COULIBALY','FATOUMATA','02/03/2005',NULL,'F','Non',NULL,NULL,NULL,NULL,NULL,'2016-11-14 01:32:23','2016-11-14 01:32:23'),(11288,'15157104N',329,NULL,'DAHO','NALIMATA','31/12/2003',NULL,'F','Oui',NULL,NULL,NULL,NULL,NULL,'2016-11-14 01:32:23','2016-11-14 01:32:23'),(11289,'16171886E',329,NULL,'DEGILA','AHOU GRACE ROSINE','19/02/2004',NULL,'F','Non',NULL,NULL,NULL,NULL,NULL,'2016-11-14 01:32:23','2016-11-14 01:32:23'),(11290,'16185245D',329,NULL,'DEM','DJENEBA LEILA','04/07/2003',NULL,'F','Non',NULL,NULL,NULL,NULL,NULL,'2016-11-14 01:32:23','2016-11-14 01:32:23'),(11291,'16127060J',329,NULL,'DIAHA','CAMPBELLE TRESOR DE COLO','04/06/2005',NULL,'F','Non',NULL,NULL,NULL,NULL,NULL,'2016-11-14 01:32:23','2016-11-14 01:32:23'),(11292,'16170885N',329,NULL,'DIALLO','DOUNIGNATCHIN ADJARATOU','09/12/2000',NULL,'F','Non',NULL,NULL,NULL,NULL,NULL,'2016-11-14 01:32:23','2016-11-14 01:32:23'),(11293,'16171869N',329,NULL,'DIAWARA','ASSA','17/06/2002',NULL,'F','Non',NULL,NULL,NULL,NULL,NULL,'2016-11-14 01:32:23','2016-11-14 01:32:23'),(11294,'16173236E',329,NULL,'DOMPIAHON','AKANI','31/12/2003',NULL,'F','Non',NULL,NULL,NULL,NULL,NULL,'2016-11-14 01:32:23','2016-11-14 01:32:23'),(11295,'16172242Y',329,NULL,'DRAME','AMINATA SIA','28/11/2002',NULL,'F','Non',NULL,NULL,NULL,NULL,NULL,'2016-11-14 01:32:23','2016-11-14 01:32:23'),(11296,'16185955L',329,NULL,'FILY','NANA','17/11/2003',NULL,'F','Non',NULL,NULL,NULL,NULL,NULL,'2016-11-14 01:32:23','2016-11-14 01:32:23'),(11297,'16330506M',329,NULL,'FOFANA ','AFFOUSSIATA','06/10/2005',NULL,'F','Non',NULL,NULL,NULL,NULL,NULL,'2016-11-14 01:32:23','2016-11-14 01:32:23'),(11298,'16171494P',329,NULL,'GUIRIAN','ALDE MIRYAM ISRAEL','05/03/2007',NULL,'F','Non',NULL,NULL,NULL,NULL,NULL,'2016-11-14 01:32:23','2016-11-14 01:32:23'),(11299,'16172877H',329,NULL,'KABA','SAFIATOU','07/03/2002',NULL,'F','Non',NULL,NULL,NULL,NULL,NULL,'2016-11-14 01:32:23','2016-11-14 01:32:23'),(11300,'16170843H',329,NULL,'KANGA ','AFFOUE ASSA DANIELE','09/08/2002',NULL,'F','Non',NULL,NULL,NULL,NULL,NULL,'2016-11-14 01:32:23','2016-11-14 01:32:23'),(11301,'16171476T',329,NULL,'KEBE','FLEMANTOU','26/05/2001',NULL,'F','Non',NULL,NULL,NULL,NULL,NULL,'2016-11-14 01:32:23','2016-11-14 01:32:23'),(11302,'15156604Q',329,NULL,'KEITA','BAKOUMBA','30/08/2000',NULL,'F','Oui',NULL,NULL,NULL,NULL,NULL,'2016-11-14 01:32:23','2016-11-14 01:32:23'),(11303,'16171471G',329,NULL,'KOFFI','ARIANE MARLENE ASSANDI','12/07/2005',NULL,'F','Non',NULL,NULL,NULL,NULL,NULL,'2016-11-14 01:32:23','2016-11-14 01:32:23'),(11304,'16188559U',329,NULL,'KOFFI','AYA NELLY ELIORA','01/01/2007',NULL,'F','Non',NULL,NULL,NULL,NULL,NULL,'2016-11-14 01:32:23','2016-11-14 01:32:23'),(11305,'16175162P',329,NULL,'KOFFI','AYA ANGE FLORE CARINE','01/01/2003',NULL,'F','Non',NULL,NULL,NULL,NULL,NULL,'2016-11-14 01:32:23','2016-11-14 01:32:23'),(11306,'16171819L',329,NULL,'KONAN','AKISSI ANGELA MARLENE','07/08/2003',NULL,'F','Non',NULL,NULL,NULL,NULL,NULL,'2016-11-14 01:32:23','2016-11-14 01:32:23'),(11307,'16174547U',329,NULL,'KONATE','KADY','10/11/2004',NULL,'F','Non',NULL,NULL,NULL,NULL,NULL,'2016-11-14 01:32:23','2016-11-14 01:32:23'),(11308,'16171133J',329,NULL,'KONE','FANTA','24/02/2003',NULL,'F','Non',NULL,NULL,NULL,NULL,NULL,'2016-11-14 01:32:23','2016-11-14 01:32:23'),(11309,'16172490N',329,NULL,'KONE','KARIDJA','05/08/2002',NULL,'F','Non',NULL,NULL,NULL,NULL,NULL,'2016-11-14 01:32:23','2016-11-14 01:32:23'),(11310,'16020245J',329,NULL,'KONE','AMINATA YASMINE SAMIRA','31/05/2005',NULL,'F','Non',NULL,NULL,NULL,NULL,NULL,'2016-11-14 01:32:23','2016-11-14 01:32:23'),(11311,'15155087M',329,NULL,'KOUADIO','AYA JEANNE','23/03/2003',NULL,'F','Oui',NULL,NULL,NULL,NULL,NULL,'2016-11-14 01:32:23','2016-11-14 01:32:23'),(11312,'16171793H',329,NULL,'KOUADIO','AFFOUE MELAINE','26/12/2003',NULL,'F','Non',NULL,NULL,NULL,NULL,NULL,'2016-11-14 01:32:23','2016-11-14 01:32:23'),(11313,'16171424X',329,NULL,'KOUADIO','GRACE MARIE CARMEL','08/03/2006',NULL,'F','Non',NULL,NULL,NULL,NULL,NULL,'2016-11-14 01:32:23','2016-11-14 01:32:23'),(11314,'16184934U',329,NULL,'KOUADIO','AICHATOU','21/10/2003',NULL,'F','Non',NULL,NULL,NULL,NULL,NULL,'2016-11-14 01:32:23','2016-11-14 01:32:23'),(11315,'16171098A',329,NULL,'KOUAKOU','AKISSI AXELLE','13/12/2005',NULL,'F','Non',NULL,NULL,NULL,NULL,NULL,'2016-11-14 01:32:23','2016-11-14 01:32:23'),(11316,'16170455E',329,NULL,'KOUAME','AMENAN EDWIGE','07/11/2005',NULL,'F','Non',NULL,NULL,NULL,NULL,NULL,'2016-11-14 01:32:23','2016-11-14 01:32:23'),(11317,'16173047W',329,NULL,'KOUAME','AHOU DORIANE','10/11/2005',NULL,'F','Non',NULL,NULL,NULL,NULL,NULL,'2016-11-14 01:32:23','2016-11-14 01:32:23'),(11318,'16170437U',329,NULL,'KOUASSI','AMENAN GISELE','09/10/2003',NULL,'F','Non',NULL,NULL,NULL,NULL,NULL,'2016-11-14 01:32:23','2016-11-14 01:32:23'),(11319,'16171053P',329,NULL,'KPEA','TALINA FLEUR JESSICA','04/01/2005',NULL,'F','Non',NULL,NULL,NULL,NULL,NULL,'2016-11-14 01:32:23','2016-11-14 01:32:23'),(11320,'16173955K',329,NULL,'LOH','MATHILDE','07/04/2003',NULL,'F','Non',NULL,NULL,NULL,NULL,NULL,'2016-11-14 01:32:23','2016-11-14 01:32:23'),(11321,'16170404S',329,NULL,'M\'ME','N\'GUESSAN CLARISSE','01/12/2002',NULL,'F','Non',NULL,NULL,NULL,NULL,NULL,'2016-11-14 01:32:23','2016-11-14 01:32:23'),(11322,'16183029S',329,NULL,'N\'DRI','AYA ANGE ESTELLE','10/05/2005',NULL,'F','Non',NULL,NULL,NULL,NULL,NULL,'2016-11-14 01:32:23','2016-11-14 01:32:23'),(11323,'16181035J',329,NULL,'N\'DRI','AYA ANNE MARIE','20/12/2005',NULL,'F','Non',NULL,NULL,NULL,NULL,NULL,'2016-11-14 01:32:23','2016-11-14 01:32:23'),(11324,'16292892P',329,NULL,'N\'DRI','AMOIN PAMELA','20/12/2005',NULL,'F','Non',NULL,NULL,NULL,NULL,NULL,'2016-11-14 01:32:23','2016-11-14 01:32:23'),(11325,'16185137H',329,NULL,'N\'GORAN','AFFOUE GRACE EVELYNE','11/09/2004',NULL,'F','Non',NULL,NULL,NULL,NULL,NULL,'2016-11-14 01:32:23','2016-11-14 01:32:23'),(11326,'16171370Z',329,NULL,'N\'GUESSAN','AKISSI MELENE FLORA','02/02/2004',NULL,'F','Non',NULL,NULL,NULL,NULL,NULL,'2016-11-14 01:32:23','2016-11-14 01:32:23'),(11327,'16170729K',329,NULL,'OUATTARA','GNON DIARRA','28/01/2004',NULL,'F','Non',NULL,NULL,NULL,NULL,NULL,'2016-11-14 01:32:23','2016-11-14 01:32:23'),(11328,'16239531M',329,NULL,'OUATTARA','AWA FLORENCE','15/01/2007',NULL,'F','Non',NULL,NULL,NULL,NULL,NULL,'2016-11-14 01:32:23','2016-11-14 01:32:23'),(11329,'16172278D',329,NULL,'OUATTARA','DOUMAN SALIMATA ','30/12/2004',NULL,'F','Non',NULL,NULL,NULL,NULL,NULL,'2016-11-14 01:32:23','2016-11-14 01:32:23'),(11330,'16330291M',329,NULL,'OUATTARA','LEOSSIBIN ADELE','03/11/2003',NULL,'F','Non',NULL,NULL,NULL,NULL,NULL,'2016-11-14 01:32:23','2016-11-14 01:32:23'),(11331,'15156705S',329,NULL,'OUEDRAOGO','ABIBOU','06/12/2001',NULL,'F','Oui',NULL,NULL,NULL,NULL,NULL,'2016-11-14 01:32:23','2016-11-14 01:32:23'),(11332,'16328612H',329,NULL,'OUEDRAOGO','FATOUMATA','15/08/2003',NULL,'F','Non',NULL,NULL,NULL,NULL,NULL,'2016-11-14 01:32:23','2016-11-14 01:32:23'),(11333,'16171357R',329,NULL,'PALE','HERY LORRENCE','11/10/2005',NULL,'F','Non',NULL,NULL,NULL,NULL,NULL,'2016-11-14 01:32:23','2016-11-14 01:32:23'),(11334,'15156720X',329,NULL,'SAMAKE','SAIBA','24/02/2003',NULL,'F','Oui',NULL,NULL,NULL,NULL,NULL,'2016-11-14 01:32:23','2016-11-14 01:32:23'),(11335,'16174365L',329,NULL,'SANGARE','TIRANKE','14/10/2003',NULL,'F','Non',NULL,NULL,NULL,NULL,NULL,'2016-11-14 01:32:23','2016-11-14 01:32:23'),(11336,'16170994E',329,NULL,'SIGNO','KESSIA NICOLE','07/12/2003',NULL,'F','Non',NULL,NULL,NULL,NULL,NULL,'2016-11-14 01:32:23','2016-11-14 01:32:23'),(11337,'16187260D',329,NULL,'SINDE','ADJA FATOUMATA','17/11/2003',NULL,'F','Non',NULL,NULL,NULL,NULL,NULL,'2016-11-14 01:32:23','2016-11-14 01:32:23'),(11338,'15158470B',329,NULL,'SOGARA','OUASSA','15/10/2002',NULL,'F','Oui',NULL,NULL,NULL,NULL,NULL,'2016-11-14 01:32:23','2016-11-14 01:32:23'),(11339,'16171682G',329,NULL,'SOW','ABIBATOULAYE','21/01/2002',NULL,'F','Non',NULL,NULL,NULL,NULL,NULL,'2016-11-14 01:32:23','2016-11-14 01:32:23'),(11340,'16170686D',329,NULL,'TOUNKARA','FATOUMATA','06/10/2003',NULL,'F','Non',NULL,NULL,NULL,NULL,NULL,'2016-11-14 01:32:23','2016-11-14 01:32:23'),(11341,'15156767P',329,NULL,'TOURE','MARIAM','20/08/2004',NULL,'F','Oui',NULL,NULL,NULL,NULL,NULL,'2016-11-14 01:32:23','2016-11-14 01:32:23'),(11342,'16172608H',329,NULL,'TOURE','ASSETOU','20/10/2003',NULL,'F','Non',NULL,NULL,NULL,NULL,NULL,'2016-11-14 01:32:23','2016-11-14 01:32:23'),(11343,'16330422W',329,NULL,'TOURE','NAWA','28/04/2004',NULL,'F','Non',NULL,NULL,NULL,NULL,NULL,'2016-11-14 01:32:23','2016-11-14 01:32:23'),(11344,'16428417W',329,NULL,'TOURE','PEKEMWELE LINDSEY EMMANU','19/10/2005',NULL,'F','Non',NULL,NULL,NULL,NULL,NULL,'2016-11-14 01:32:23','2016-11-14 01:32:23'),(11345,'16174148S',329,NULL,'TOURE','FATOUMATA ','21/04/2004',NULL,'F','Non',NULL,NULL,NULL,NULL,NULL,'2016-11-14 01:32:23','2016-11-14 01:32:23'),(11346,'16171309R',329,NULL,'TRAORE','AICHATOU','03/10/2002',NULL,'F','Non',NULL,NULL,NULL,NULL,NULL,'2016-11-14 01:32:23','2016-11-14 01:32:23'),(11347,'16184841Y',329,NULL,'TRAORE','MATINDJE YASMINE','11/06/2005',NULL,'F','Non',NULL,NULL,NULL,NULL,NULL,'2016-11-14 01:32:23','2016-11-14 01:32:23'),(11348,'16188364Z',329,NULL,'TRAORE','AISSATA','02/04/2002',NULL,'F','Non',NULL,NULL,NULL,NULL,NULL,'2016-11-14 01:32:23','2016-11-14 01:32:23'),(11349,'16171632N',329,NULL,'TRAORE','OUMOU','22/11/2003',NULL,'F','Non',NULL,NULL,NULL,NULL,NULL,'2016-11-14 01:32:23','2016-11-14 01:32:23'),(11350,'16174399Y',329,NULL,'WONI ','KAYATOU','29/12/2002',NULL,'F','Non',NULL,NULL,NULL,NULL,NULL,'2016-11-14 01:32:23','2016-11-14 01:32:23'),(11351,'15156793E',329,NULL,'YAO','KRA DORCAS','02/03/2003',NULL,'F','Oui',NULL,NULL,NULL,NULL,NULL,'2016-11-14 01:32:23','2016-11-14 01:32:23'),(11352,'16170972N',329,NULL,'YAO','AMENAN ELODIE CHRISTELLE','23/02/2003',NULL,'F','Non',NULL,NULL,NULL,NULL,NULL,'2016-11-14 01:32:23','2016-11-14 01:32:23'),(11353,'16170276J',329,NULL,'YESSO','GABRIELLE RUTH STEPHANIE','21/07/2006',NULL,'F','Non',NULL,NULL,NULL,NULL,NULL,'2016-11-14 01:32:23','2016-11-14 01:32:23'),(11354,'16173774C',329,NULL,'ZERBO','MINATA','15/12/2001',NULL,'F','Non',NULL,NULL,NULL,NULL,NULL,'2016-11-14 01:32:23','2016-11-14 01:32:23'),(11355,'16171262N',329,NULL,'ZONGO ','JEANNE MARIE IMMACUL','31/12/2004',NULL,'F','Non',NULL,NULL,NULL,NULL,NULL,'2016-11-14 01:32:23','2016-11-14 01:32:23'),(11888,'16170634R',330,NULL,'ASSOFI','SIALOU NAOMI-URUELLE','12/09/2005',NULL,'F','Non',NULL,NULL,NULL,NULL,NULL,'2016-11-14 01:48:54','2016-11-14 01:48:54'),(11889,'16172977B',330,NULL,'BAMBA','GNIRE KOROTOUMOU','15/12/2003',NULL,'F','Non',NULL,NULL,NULL,NULL,NULL,'2016-11-14 01:48:54','2016-11-14 01:48:54'),(11890,'16172898Z',330,NULL,'BAMBA','MASSOGONA','14/11/2005',NULL,'F','Non',NULL,NULL,NULL,NULL,NULL,'2016-11-14 01:48:54','2016-11-14 01:48:54'),(11891,'16170624J',330,NULL,'BE','AKESSE AFFOUE ANGE RUTH','15/07/2006',NULL,'F','Non',NULL,NULL,NULL,NULL,NULL,'2016-11-14 01:48:54','2016-11-14 01:48:54'),(11892,'15156483L',330,NULL,'BOUREIMA','TRANGUE','09/05/2002',NULL,'F','Oui',NULL,NULL,NULL,NULL,NULL,'2016-11-14 01:48:54','2016-11-14 01:48:54'),(11893,'15142121M',330,NULL,'BRAFIO','KESSIA KOUMAN PASCALINE','01/01/2003',NULL,'F','Oui',NULL,NULL,NULL,NULL,NULL,'2016-11-14 01:48:54','2016-11-14 01:48:54'),(11894,'16187183R',330,NULL,'CAMARA','FATOUMATA','30/01/2004',NULL,'F','Non',NULL,NULL,NULL,NULL,NULL,'2016-11-14 01:48:54','2016-11-14 01:48:54'),(11895,'16171559M',330,NULL,'COULIBALY','GNOUNGO','12/04/2003',NULL,'F','Non',NULL,NULL,NULL,NULL,NULL,'2016-11-14 01:48:54','2016-11-14 01:48:54'),(11896,'16174563B',330,NULL,'COULIBALY','MAIMOUNA ','16/04/2003',NULL,'F','Non',NULL,NULL,NULL,NULL,NULL,'2016-11-14 01:48:54','2016-11-14 01:48:54'),(11897,'16171208N',330,NULL,'DIABATE','MARIAM','21/12/2003',NULL,'F','Non',NULL,NULL,NULL,NULL,NULL,'2016-11-14 01:48:54','2016-11-14 01:48:54'),(11898,'16185540F',330,NULL,'DIABATE','BINTOU','08/08/2003',NULL,'F','Non',NULL,NULL,NULL,NULL,NULL,'2016-11-14 01:48:54','2016-11-14 01:48:54'),(11899,'16171537L',330,NULL,'DIALLO','FATOUMATA ZAHARA','13/10/2004',NULL,'F','Non',NULL,NULL,NULL,NULL,NULL,'2016-11-14 01:48:54','2016-11-14 01:48:54'),(11900,'16170880M',330,NULL,'DIBI','MELESS OCKNEL OCEANE','30/09/2006',NULL,'F','Non',NULL,NULL,NULL,NULL,NULL,'2016-11-14 01:48:54','2016-11-14 01:48:54'),(11901,'16235463Z',330,NULL,'DJADOU','KOSSIA REINE ESTHER','31/07/2005',NULL,'F','Non',NULL,NULL,NULL,NULL,NULL,'2016-11-14 01:48:54','2016-11-14 01:48:54'),(11902,'16172846S',330,NULL,'FANE','ARAMATOU','28/05/2001',NULL,'F','Non',NULL,NULL,NULL,NULL,NULL,'2016-11-14 01:48:54','2016-11-14 01:48:54'),(11903,'16175185Q',330,NULL,'FLAN','INNOCENTE ANNE DESIREE','20/11/2003',NULL,'F','Non',NULL,NULL,NULL,NULL,NULL,'2016-11-14 01:48:54','2016-11-14 01:48:54'),(11904,'15312913M',330,NULL,'FOFANA','FATOUMATA','02/04/2001',NULL,'F','Oui',NULL,NULL,NULL,NULL,NULL,'2016-11-14 01:48:54','2016-11-14 01:48:54'),(11905,'16171508R',330,NULL,'FOFANA','RAMATOU','12/12/2005',NULL,'F','Non',NULL,NULL,NULL,NULL,NULL,'2016-11-14 01:48:54','2016-11-14 01:48:54'),(11906,'16330508J',330,NULL,'FOFANA','MAMANRAN','17/05/2008',NULL,'F','Non',NULL,NULL,NULL,NULL,NULL,'2016-11-14 01:48:54','2016-11-14 01:48:54'),(11907,'16297951E',330,NULL,'GOUESSE','AIDARA AFFOUSSATOU ANGE','15/11/2006',NULL,'F','Non',NULL,NULL,NULL,NULL,NULL,'2016-11-14 01:48:54','2016-11-14 01:48:54'),(11908,'16185199V',330,NULL,'GOUN','DAMUN MARCIENNE-IRENEE','28/06/2005',NULL,'F','Non',NULL,NULL,NULL,NULL,NULL,'2016-11-14 01:48:54','2016-11-14 01:48:54'),(11909,'16170845K',330,NULL,'KALOU','LOU GOHON LILIANE','17/09/2004',NULL,'F','Non',NULL,NULL,NULL,NULL,NULL,'2016-11-14 01:48:54','2016-11-14 01:48:54'),(11910,'16172189U',330,NULL,'KARIDIOULA','NAMINATA','25/11/2004',NULL,'F','Non',NULL,NULL,NULL,NULL,NULL,'2016-11-14 01:48:54','2016-11-14 01:48:54'),(11911,'16171837P',330,NULL,'KEITA','AICHA','09/07/2004',NULL,'F','Non',NULL,NULL,NULL,NULL,NULL,'2016-11-14 01:48:54','2016-11-14 01:48:54'),(11912,'16171829K',330,NULL,'KOFFI','EHOUAYE THERESE ANGE MON','10/08/2006',NULL,'F','Non',NULL,NULL,NULL,NULL,NULL,'2016-11-14 01:48:54','2016-11-14 01:48:54'),(11913,'16178027G',330,NULL,'KOFFI','AMENAN GRACE ORIANE','25/05/2005',NULL,'F','Non',NULL,NULL,NULL,NULL,NULL,'2016-11-14 01:48:54','2016-11-14 01:48:54'),(11914,'15156899G',330,NULL,'KOITA','KARIDJATOU','01/12/2003',NULL,'F','Oui',NULL,NULL,NULL,NULL,NULL,'2016-11-14 01:48:54','2016-11-14 01:48:54'),(11915,'15156900U',330,NULL,'KOITA','MARIAM','09/02/2000',NULL,'F','Oui',NULL,NULL,NULL,NULL,NULL,'2016-11-14 01:48:54','2016-11-14 01:48:54'),(11916,'16171818K',330,NULL,'KONAN','AKISSI FLORA','06/12/2004',NULL,'F','Non',NULL,NULL,NULL,NULL,NULL,'2016-11-14 01:48:54','2016-11-14 01:48:54'),(11917,'16174548W',330,NULL,'KONAN','AYA  FIDELE','09/12/2004',NULL,'F','Non',NULL,NULL,NULL,NULL,NULL,'2016-11-14 01:48:54','2016-11-14 01:48:54'),(11918,'16172245B',330,NULL,'KONATE','KAMOUSSA','21/01/2004',NULL,'F','Non',NULL,NULL,NULL,NULL,NULL,'2016-11-14 01:48:54','2016-11-14 01:48:54'),(11919,'16188535F',330,NULL,'KONATE','KADIDATA','24/08/2005',NULL,'F','Non',NULL,NULL,NULL,NULL,NULL,'2016-11-14 01:48:54','2016-11-14 01:48:54'),(11920,'16171799A',330,NULL,'KONE','MARIAM','23/09/2004',NULL,'F','Non',NULL,NULL,NULL,NULL,NULL,'2016-11-14 01:48:54','2016-11-14 01:48:54'),(11921,'16173567G',330,NULL,'KONE','KARIDJATOU','28/03/2004',NULL,'F','Non',NULL,NULL,NULL,NULL,NULL,'2016-11-14 01:48:54','2016-11-14 01:48:54'),(11922,'16171121T',330,NULL,'KOUADIO','AHOU BENEDICTE','20/12/2004',NULL,'F','Non',NULL,NULL,NULL,NULL,NULL,'2016-11-14 01:48:54','2016-11-14 01:48:54'),(11923,'16171423W',330,NULL,'KOUADIO','KOUAME BLANCHE FLEUR KETU','15/04/2006',NULL,'F','Non',NULL,NULL,NULL,NULL,NULL,'2016-11-14 01:48:54','2016-11-14 01:48:54'),(11924,'16268238D',330,NULL,'KOUAHO ','N\'ZARAMA MARTINE','01/03/2005',NULL,'F','Non',NULL,NULL,NULL,NULL,NULL,'2016-11-14 01:48:54','2016-11-14 01:48:54'),(11925,'16170786E',330,NULL,'KOUAKOU','AKISSI LORIE GRACE MONESPO','17/11/2003',NULL,'F','Non',NULL,NULL,NULL,NULL,NULL,'2016-11-14 01:48:54','2016-11-14 01:48:54'),(11926,'16186779W',330,NULL,'KOUAKOU','ADJOUA ALICIA GRACE','29/08/2000',NULL,'F','Non',NULL,NULL,NULL,NULL,NULL,'2016-11-14 01:48:54','2016-11-14 01:48:54'),(11927,'16171077J',330,NULL,'KOUAME','AMENAN JOCELYNE','02/11/2003',NULL,'F','Non',NULL,NULL,NULL,NULL,NULL,'2016-11-14 01:48:54','2016-11-14 01:48:54'),(11928,'16173004D',330,NULL,'KOUAME','AHOU GRACE SANDRA CHARON','16/01/2003',NULL,'F','Non',NULL,NULL,NULL,NULL,NULL,'2016-11-14 01:48:54','2016-11-14 01:48:54'),(11929,'16175078N',330,NULL,'KOUASSI','AMOIN SIDJO SYNTHIA','23/02/2004',NULL,'F','Non',NULL,NULL,NULL,NULL,NULL,'2016-11-14 01:48:54','2016-11-14 01:48:54'),(11930,'16151903R',330,NULL,'KOUASSI','N\'GORAN MARIE-FLORE','20/06/2004',NULL,'F','Non',NULL,NULL,NULL,NULL,NULL,'2016-11-14 01:48:54','2016-11-14 01:48:54'),(11931,'16173275Q',330,NULL,'KOUASSI','KINDOH GRACE- CARINE ','01/10/2002',NULL,'F','Non',NULL,NULL,NULL,NULL,NULL,'2016-11-14 01:48:54','2016-11-14 01:48:54'),(11932,'16174316B',330,NULL,'KOUASSI','AHOU KAN EUNICE ROXANE','05/11/2005',NULL,'F','Non',NULL,NULL,NULL,NULL,NULL,'2016-11-14 01:48:54','2016-11-14 01:48:54'),(11933,'16171049H',330,NULL,'KRAH','AHOU CHARLENE','29/07/2005',NULL,'F','Non',NULL,NULL,NULL,NULL,NULL,'2016-11-14 01:48:54','2016-11-14 01:48:54'),(11934,'16337230J',330,NULL,'MAHAN','MEKAPEU ELODIE PAMELA','25/10/2006',NULL,'F','Non',NULL,NULL,NULL,NULL,NULL,'2016-11-14 01:48:54','2016-11-14 01:48:54'),(11935,'16172488E',330,NULL,'MAIGA','NANAN IDA','27/01/2004',NULL,'F','Non',NULL,NULL,NULL,NULL,NULL,'2016-11-14 01:48:54','2016-11-14 01:48:54'),(11936,'16171042F',330,NULL,'N\'CHO','AYA CHRISTELLE','18/11/2005',NULL,'F','Non',NULL,NULL,NULL,NULL,NULL,'2016-11-14 01:48:54','2016-11-14 01:48:54'),(11937,'16186993S',330,NULL,'N\'DRI','AFFOUE ESTELLE','09/01/1900',NULL,'F','Non',NULL,NULL,NULL,NULL,NULL,'2016-11-14 01:48:54','2016-11-14 01:48:54'),(11938,'16171739R',330,NULL,'N\'GUESSAN','AKISSI VIRGINIE','27/05/2002',NULL,'F','Non',NULL,NULL,NULL,NULL,NULL,'2016-11-14 01:48:54','2016-11-14 01:48:54'),(11939,'16178789T',330,NULL,'N\'GUESSAN','AFFOUE LAURA','28/06/2003',NULL,'F','Non',NULL,NULL,NULL,NULL,NULL,'2016-11-14 01:48:54','2016-11-14 01:48:54'),(11940,'16187491B',330,NULL,'OKINGNI','AFFOUE LOUISE CHARLENE','08/08/2005',NULL,'F','Non',NULL,NULL,NULL,NULL,NULL,'2016-11-14 01:48:54','2016-11-14 01:48:54'),(11941,'16182374X',330,NULL,'OUATTARA','ASSETOU','01/01/2003',NULL,'F','Non',NULL,NULL,NULL,NULL,NULL,'2016-11-14 01:48:54','2016-11-14 01:48:54'),(11942,'16149539U',330,NULL,'OUATTARA','FATOUMATA','25/07/2004',NULL,'F','Non',NULL,NULL,NULL,NULL,NULL,'2016-11-14 01:48:54','2016-11-14 01:48:54'),(11943,'16330289F',330,NULL,'OUATTARA','YAH ADJARA','28/09/2005',NULL,'F','Non',NULL,NULL,NULL,NULL,NULL,'2016-11-14 01:48:54','2016-11-14 01:48:54'),(11944,'16247099N',330,NULL,'OUATTARA','BANVALA  ANGE  MARIE','03/09/2005',NULL,'F','Non',NULL,NULL,NULL,NULL,NULL,'2016-11-14 01:48:54','2016-11-14 01:48:54'),(11945,'16170727Q',330,NULL,'OUATTARA ','MAIMOUNA JULIETTE','14/10/2002',NULL,'F','Non',NULL,NULL,NULL,NULL,NULL,'2016-11-14 01:48:54','2016-11-14 01:48:54'),(11946,'16049520C',330,NULL,'OUEDIABOU','NEPHTALI WELERA','09/07/2005',NULL,'F','Non',NULL,NULL,NULL,NULL,NULL,'2016-11-14 01:48:54','2016-11-14 01:48:54'),(11947,'15156714Q',330,NULL,'SAKO','AMINATA','17/02/2002',NULL,'F','Oui',NULL,NULL,NULL,NULL,NULL,'2016-11-14 01:48:54','2016-11-14 01:48:54'),(11948,'16171355V',330,NULL,'SALHA','RAHIA','02/12/2003',NULL,'F','Non',NULL,NULL,NULL,NULL,NULL,'2016-11-14 01:48:54','2016-11-14 01:48:54'),(11949,'16173726C',330,NULL,'SANOGO','ALIMA','14/05/2002',NULL,'F','Non',NULL,NULL,NULL,NULL,NULL,'2016-11-14 01:48:54','2016-11-14 01:48:54'),(11950,'16170992C',330,NULL,'SILUE','HOUONDJANWA VICTORIA','06/09/2004',NULL,'F','Non',NULL,NULL,NULL,NULL,NULL,'2016-11-14 01:48:54','2016-11-14 01:48:54'),(11951,'16186996R',330,NULL,'SILUE ','NONTON  BINTOU','23/08/2004',NULL,'F','Non',NULL,NULL,NULL,NULL,NULL,'2016-11-14 01:48:54','2016-11-14 01:48:54'),(11952,'16187259X',330,NULL,'SINDE','ADJA  FATOUMATA','07/06/2002',NULL,'F','Non',NULL,NULL,NULL,NULL,NULL,'2016-11-14 01:48:54','2016-11-14 01:48:54'),(11953,'16170332M',330,NULL,'SWARAY','MAMAKORE FATOUMATA NIBALA','15/05/2005',NULL,'F','Non',NULL,NULL,NULL,NULL,NULL,'2016-11-14 01:48:54','2016-11-14 01:48:54'),(11954,'16171318P',330,NULL,'TOURE','BAYA','15/10/2002',NULL,'F','Non',NULL,NULL,NULL,NULL,NULL,'2016-11-14 01:48:54','2016-11-14 01:48:54'),(11955,'16173460S',330,NULL,'TOURE','AWA','18/12/2005',NULL,'F','Non',NULL,NULL,NULL,NULL,NULL,'2016-11-14 01:48:54','2016-11-14 01:48:54'),(11956,'16171308Q',330,NULL,'TRAORE','AMENAN FATOUMATA','23/11/2006',NULL,'F','Non',NULL,NULL,NULL,NULL,NULL,'2016-11-14 01:48:54','2016-11-14 01:48:54'),(11957,'16172238A',330,NULL,'TRAORE','MARIAM','05/05/2006',NULL,'F','Non',NULL,NULL,NULL,NULL,NULL,'2016-11-14 01:48:54','2016-11-14 01:48:54'),(11958,'16186952S',330,NULL,'TRAORE','ROKYA MASSIRAH','23/03/2005',NULL,'F','Non',NULL,NULL,NULL,NULL,NULL,'2016-11-14 01:48:54','2016-11-14 01:48:54'),(11959,'16188698P',330,NULL,'TRAORE','NEKO NINA','11/11/2004',NULL,'F','Non',NULL,NULL,NULL,NULL,NULL,'2016-11-14 01:48:54','2016-11-14 01:48:54'),(11960,'16171630Y',330,NULL,'TRAORE','SALIMATA','18/05/2002',NULL,'F','Non',NULL,NULL,NULL,NULL,NULL,'2016-11-14 01:48:54','2016-11-14 01:48:54'),(11961,'15156794F',330,NULL,'YAO','MOYA ESTELLE','11/11/2004',NULL,'F','Oui',NULL,NULL,NULL,NULL,NULL,'2016-11-14 01:48:54','2016-11-14 01:48:54'),(11962,'16170661U',330,NULL,'YAO','AMOIN EPIPHANIE','02/12/2004',NULL,'F','Non',NULL,NULL,NULL,NULL,NULL,'2016-11-14 01:48:54','2016-11-14 01:48:54'),(11963,'16171269Q',330,NULL,'YODA','DAMATA','24/04/2003',NULL,'F','Non',NULL,NULL,NULL,NULL,NULL,'2016-11-14 01:48:54','2016-11-14 01:48:54'),(12264,'16172813A',331,NULL,'AKROU','ADJOUA MARIE ROSE','22/12/2004',NULL,'F','Non',NULL,NULL,NULL,NULL,NULL,'2016-11-14 01:55:06','2016-11-14 01:55:06'),(12265,'16362774F',331,NULL,'ALLAH','AMENAN MIREILLE ROSEMONDE','29/05/2002',NULL,'F','Non',NULL,NULL,NULL,NULL,NULL,'2016-11-14 01:55:06','2016-11-14 01:55:06'),(12266,'16170633Q',331,NULL,'ATTIAOUE','WAIWOLY MARIE CLARISSE','18/11/2004',NULL,'F','Non',NULL,NULL,NULL,NULL,NULL,'2016-11-14 01:55:06','2016-11-14 01:55:06'),(12267,'16066174H',331,NULL,'BAH','RAYANATOU','18/12/2007',NULL,'F','Non',NULL,NULL,NULL,NULL,NULL,'2016-11-14 01:55:06','2016-11-14 01:55:06'),(12268,'16174569C',331,NULL,'BAMBA','KADIDJATOU DJAMILAH CLARISSE','26/12/2004',NULL,'F','Non',NULL,NULL,NULL,NULL,NULL,'2016-11-14 01:55:06','2016-11-14 01:55:06'),(12269,'16173441L',331,NULL,'BAMBA','MIMY PELAGIE ','03/12/2004',NULL,'F','Non',NULL,NULL,NULL,NULL,NULL,'2016-11-14 01:55:06','2016-11-14 01:55:06'),(12270,'16171575T',331,NULL,'BERTE','DIATA MALIKA','26/07/2005',NULL,'F','Non',NULL,NULL,NULL,NULL,NULL,'2016-11-14 01:55:06','2016-11-14 01:55:06'),(12271,'16187182Q',331,NULL,'CAMARA','NAGNOUMA YASMINE','17/05/2005',NULL,'F','Non',NULL,NULL,NULL,NULL,NULL,'2016-11-14 01:55:06','2016-11-14 01:55:06'),(12272,'15263023K',331,NULL,'COULIBALY','BINTOU','19/09/2002',NULL,'F','Oui',NULL,NULL,NULL,NULL,NULL,'2016-11-14 01:55:06','2016-11-14 01:55:06'),(12273,'15156501W',331,NULL,'COULIBALY','FATOUMATA ESTELLE','02/02/2000',NULL,'F','Oui',NULL,NULL,NULL,NULL,NULL,'2016-11-14 01:55:06','2016-11-14 01:55:06'),(12274,'16170908P',331,NULL,'COULIBALY','KADOFANAN OLIVIERE LAETITIA','12/10/2005',NULL,'F','Non',NULL,NULL,NULL,NULL,NULL,'2016-11-14 01:55:06','2016-11-14 01:55:06'),(12275,'16186871E',331,NULL,'DIABATE','FATOUMATA  ','27/04/2004',NULL,'F','Non',NULL,NULL,NULL,NULL,NULL,'2016-11-14 01:55:06','2016-11-14 01:55:06'),(12276,'16170267N',331,NULL,'DIAKITE','ASSITA DENI','26/11/2008',NULL,'F','Non',NULL,NULL,NULL,NULL,NULL,'2016-11-14 01:55:06','2016-11-14 01:55:06'),(12277,'16170884D',331,NULL,'DIALLO','SALIMATA','15/11/2002',NULL,'F','Non',NULL,NULL,NULL,NULL,NULL,'2016-11-14 01:55:06','2016-11-14 01:55:06'),(12278,'16170879N',331,NULL,'DIBY','AFFOUE ELORA','07/02/2004',NULL,'F','Non',NULL,NULL,NULL,NULL,NULL,'2016-11-14 01:55:06','2016-11-14 01:55:06'),(12279,'16174433N',331,NULL,'FOFANA','AICHATA','28/12/2001',NULL,'F','Non',NULL,NULL,NULL,NULL,NULL,'2016-11-14 01:55:06','2016-11-14 01:55:06'),(12280,'16330425H',331,NULL,'FOFANA','NAMINATA','01/01/2004',NULL,'F','Non',NULL,NULL,NULL,NULL,NULL,'2016-11-14 01:55:06','2016-11-14 01:55:06'),(12281,'16170854R',331,NULL,'GBEZE','TOKOU ANGE INES','03/04/2006',NULL,'F','Non',NULL,NULL,NULL,NULL,NULL,'2016-11-14 01:55:06','2016-11-14 01:55:06'),(12282,'16175182D',331,NULL,'IRIKE','DOGORE AURELIA CHRISTELLE','24/12/2006',NULL,'F','Non',NULL,NULL,NULL,NULL,NULL,'2016-11-14 01:55:06','2016-11-14 01:55:06'),(12283,'15158376M',331,NULL,'ISSOUF','ADIZA','12/12/2001',NULL,'F','Oui',NULL,NULL,NULL,NULL,NULL,'2016-11-14 01:55:06','2016-11-14 01:55:06'),(12284,'16171484Q',331,NULL,'KAMAGATE','NASSARATA','28/05/2004',NULL,'F','Non',NULL,NULL,NULL,NULL,NULL,'2016-11-14 01:55:06','2016-11-14 01:55:06'),(12285,'16184955B',331,NULL,'KATINA','EDITH DONATIENNE MINAYEHEL','25/05/2006',NULL,'F','Non',NULL,NULL,NULL,NULL,NULL,'2016-11-14 01:55:06','2016-11-14 01:55:06'),(12286,'16171835T',331,NULL,'KEITA','FANTA','29/07/2004',NULL,'F','Non',NULL,NULL,NULL,NULL,NULL,'2016-11-14 01:55:06','2016-11-14 01:55:06'),(12287,'16172493D',331,NULL,'KEITA','MARIAM','21/07/2003',NULL,'F','Non',NULL,NULL,NULL,NULL,NULL,'2016-11-14 01:55:06','2016-11-14 01:55:06'),(12288,'16170528Q',331,NULL,'KOFFI','FABETY MARIE EMMANUELLE','05/10/2005',NULL,'F','Non',NULL,NULL,NULL,NULL,NULL,'2016-11-14 01:55:06','2016-11-14 01:55:06'),(12289,'16170517P',331,NULL,'KONAN','AMANY AUDREY MARTIALE','18/05/2005',NULL,'F','Non',NULL,NULL,NULL,NULL,NULL,'2016-11-14 01:55:06','2016-11-14 01:55:06'),(12290,'16177982S',331,NULL,'KONAN','LOUKOU INGRID','30/10/2001',NULL,'F','Non',NULL,NULL,NULL,NULL,NULL,'2016-11-14 01:55:06','2016-11-14 01:55:06'),(12291,'16051498Q',331,NULL,'KONAN','ADJOUA ANNE PRISCINE','02/02/2006',NULL,'F','Non',NULL,NULL,NULL,NULL,NULL,'2016-11-14 01:55:06','2016-11-14 01:55:06'),(12292,'16174546Z',331,NULL,'KONATE','MAIMOUNA','27/12/2001',NULL,'F','Non',NULL,NULL,NULL,NULL,NULL,'2016-11-14 01:55:06','2016-11-14 01:55:06'),(12293,'16389662V',331,NULL,'KONATE','FATOUMATA','30/12/2002',NULL,'F','Non',NULL,NULL,NULL,NULL,NULL,'2016-11-14 01:55:06','2016-11-14 01:55:06'),(12294,'15156640L',331,NULL,'KONE','NAWA GNAMANGOLO','20/11/2004',NULL,'F','Oui',NULL,NULL,NULL,NULL,NULL,'2016-11-14 01:55:06','2016-11-14 01:55:06'),(12295,'16171445W',331,NULL,'KONE','MARIETOU','30/07/2006',NULL,'F','Non',NULL,NULL,NULL,NULL,NULL,'2016-11-14 01:55:06','2016-11-14 01:55:06'),(12296,'16172618G',331,NULL,'KONE','NINRMINTIN KARIDJA','07/06/2001',NULL,'F','Non',NULL,NULL,NULL,NULL,NULL,'2016-11-14 01:55:06','2016-11-14 01:55:06'),(12297,'16189442T',331,NULL,'KONE','FOUNGO FANTA','14/04/2006',NULL,'F','Non',NULL,NULL,NULL,NULL,NULL,'2016-11-14 01:55:06','2016-11-14 01:55:06'),(12298,'16171119M',331,NULL,'KOUADIO','AHOU PASCALINE','25/11/2004',NULL,'F','Non',NULL,NULL,NULL,NULL,NULL,'2016-11-14 01:55:06','2016-11-14 01:55:06'),(12299,'16171106Q',331,NULL,'KOUADIO','YAO AFFOUE SOURALE GEMIMA','17/09/2005',NULL,'F','Non',NULL,NULL,NULL,NULL,NULL,'2016-11-14 01:55:06','2016-11-14 01:55:06'),(12300,'16171095L',331,NULL,'KOUAKOU','AMENAN ANNE','30/11/2004',NULL,'F','Non',NULL,NULL,NULL,NULL,NULL,'2016-11-14 01:55:06','2016-11-14 01:55:06'),(12301,'16170469T',331,NULL,'KOUAKOU','AMENAN SANDRA D\'ASSISE','04/10/2006',NULL,'F','Non',NULL,NULL,NULL,NULL,NULL,'2016-11-14 01:55:06','2016-11-14 01:55:06'),(12302,'16184927S',331,NULL,'KOUAKOU','AHOU SYNTHIA EVELYNE','11/03/2005',NULL,'F','Non',NULL,NULL,NULL,NULL,NULL,'2016-11-14 01:55:06','2016-11-14 01:55:06'),(12303,'16170454V',331,NULL,'KOUAME','AMOIN MARIA EMMANUELLE','21/05/2006',NULL,'F','Non',NULL,NULL,NULL,NULL,NULL,'2016-11-14 01:55:06','2016-11-14 01:55:06'),(12304,'16174053G',331,NULL,'KOUAME','AYA SONIA','20/08/2003',NULL,'F','Non',NULL,NULL,NULL,NULL,NULL,'2016-11-14 01:55:06','2016-11-14 01:55:06'),(12305,'16171776N',331,NULL,'KOUAME ','AKISSI AUDREY ALBERTINE ','01/03/2004',NULL,'F','Non',NULL,NULL,NULL,NULL,NULL,'2016-11-14 01:55:06','2016-11-14 01:55:06'),(12306,'16170434X',331,NULL,'KOUASSI','AYA ESTELLE','20/03/2004',NULL,'F','Non',NULL,NULL,NULL,NULL,NULL,'2016-11-14 01:55:06','2016-11-14 01:55:06'),(12307,'16217215M',331,NULL,'KOUASSI','ADJOA  LUCIENNE ','26/09/2002',NULL,'F','Non',NULL,NULL,NULL,NULL,NULL,'2016-11-14 01:55:06','2016-11-14 01:55:06'),(12308,'16171764M',331,NULL,'KOUASSI','AYA ANGE ODILONNE','04/01/2002',NULL,'F','Non',NULL,NULL,NULL,NULL,NULL,'2016-11-14 01:55:06','2016-11-14 01:55:06'),(12309,'16175380J',331,NULL,'KRAMO','AMOIN DOROTHEE','20/12/2006',NULL,'F','Non',NULL,NULL,NULL,NULL,NULL,'2016-11-14 01:55:06','2016-11-14 01:55:06'),(12310,'16171757L',331,NULL,'KROMAN','YELE AFFOUSSIATA','01/02/2006',NULL,'F','Non',NULL,NULL,NULL,NULL,NULL,'2016-11-14 01:55:06','2016-11-14 01:55:06'),(12311,'16171376K',331,NULL,'N\'DENDE','N\'DAH ORPHEE MARIE LINE','26/05/2006',NULL,'F','Non',NULL,NULL,NULL,NULL,NULL,'2016-11-14 01:55:06','2016-11-14 01:55:06'),(12312,'16262010M',331,NULL,'N\'DRI','AKISSI BENEDICTE','29/11/2004',NULL,'F','Non',NULL,NULL,NULL,NULL,NULL,'2016-11-14 01:55:06','2016-11-14 01:55:06'),(12313,'16235557J',331,NULL,'NGORAN','AYA BEATRICE','30/08/2003',NULL,'F','Non',NULL,NULL,NULL,NULL,NULL,'2016-11-14 01:55:06','2016-11-14 01:55:06'),(12314,'16170382F',331,NULL,'N\'GUESSAN ','CHEICKH ROSEMONDE MOAYET','25/11/2006',NULL,'F','Non',NULL,NULL,NULL,NULL,NULL,'2016-11-14 01:55:07','2016-11-14 01:55:07'),(12315,'16170725U',331,NULL,'OUATTARA','NADIA KADY','03/07/2004',NULL,'F','Non',NULL,NULL,NULL,NULL,NULL,'2016-11-14 01:55:07','2016-11-14 01:55:07'),(12316,'16172247X',331,NULL,'OUATTARA','MAMAN','04/03/2002',NULL,'F','Non',NULL,NULL,NULL,NULL,NULL,'2016-11-14 01:55:07','2016-11-14 01:55:07'),(12317,'16181498D',331,NULL,'OUATTARA','YENIN ANGE ROXANE','26/03/2006',NULL,'F','Non',NULL,NULL,NULL,NULL,NULL,'2016-11-14 01:55:07','2016-11-14 01:55:07'),(12318,'16186719V',331,NULL,'OUATTARA','BAH SITA','07/01/2002',NULL,'F','Non',NULL,NULL,NULL,NULL,NULL,'2016-11-14 01:55:07','2016-11-14 01:55:07'),(12319,'16170714L',331,NULL,'SANGARE','MAWA','22/11/2003',NULL,'F','Non',NULL,NULL,NULL,NULL,NULL,'2016-11-14 01:55:07','2016-11-14 01:55:07'),(12320,'16174363A',331,NULL,'SANOGO','NANTA','06/03/2007',NULL,'F','Non',NULL,NULL,NULL,NULL,NULL,'2016-11-14 01:55:07','2016-11-14 01:55:07'),(12321,'16171341L',331,NULL,'SILUE','KARIDJA','30/05/2005',NULL,'F','Non',NULL,NULL,NULL,NULL,NULL,'2016-11-14 01:55:07','2016-11-14 01:55:07'),(12322,'16393628Z',331,NULL,'SORHO','NIONWA SANATA','11/10/2005',NULL,'F','Non',NULL,NULL,NULL,NULL,NULL,'2016-11-14 01:55:07','2016-11-14 01:55:07'),(12323,'15157335X',331,NULL,'SORO','N\'GONDJANWA SANATA','17/07/2002',NULL,'F','Oui',NULL,NULL,NULL,NULL,NULL,'2016-11-14 01:55:07','2016-11-14 01:55:07'),(12324,'16186994P',331,NULL,'SORO','KAYATIEN AWA','21/11/2005',NULL,'F','Non',NULL,NULL,NULL,NULL,NULL,'2016-11-14 01:55:07','2016-11-14 01:55:07'),(12325,'16355974P',331,NULL,'SORO ','SIENTIENHOUIN MARTINE ','17/12/2004',NULL,'F','Non',NULL,NULL,NULL,NULL,NULL,'2016-11-14 01:55:07','2016-11-14 01:55:07'),(12326,'15158485T',331,NULL,'SYLLA','DJATA','26/09/2002',NULL,'F','Oui',NULL,NULL,NULL,NULL,NULL,'2016-11-14 01:55:07','2016-11-14 01:55:07'),(12327,'16171672R',331,NULL,'SYLLA','ASSITA','19/05/2004',NULL,'F','Non',NULL,NULL,NULL,NULL,NULL,'2016-11-14 01:55:07','2016-11-14 01:55:07'),(12328,'16171652L',331,NULL,'TOURE','FATOUMATA ','25/08/2004',NULL,'F','Non',NULL,NULL,NULL,NULL,NULL,'2016-11-14 01:55:07','2016-11-14 01:55:07'),(12329,'16186975A',331,NULL,'TOURE','ROKIA','27/10/2005',NULL,'F','Non',NULL,NULL,NULL,NULL,NULL,'2016-11-14 01:55:07','2016-11-14 01:55:07'),(12330,'16173781A',331,NULL,'TRAORE','SANATA','29/05/2001',NULL,'F','Non',NULL,NULL,NULL,NULL,NULL,'2016-11-14 01:55:07','2016-11-14 01:55:07'),(12331,'16187701G',331,NULL,'TRAORE','SITA','06/01/2004',NULL,'F','Non',NULL,NULL,NULL,NULL,NULL,'2016-11-14 01:55:07','2016-11-14 01:55:07'),(12332,'16171299D',331,NULL,'TRAORE','SALIMATA','31/12/2003',NULL,'F','Non',NULL,NULL,NULL,NULL,NULL,'2016-11-14 01:55:07','2016-11-14 01:55:07'),(12333,'16170303R',331,NULL,'TRAORE','MARIAM  AICHATOU ','26/07/2006',NULL,'F','Non',NULL,NULL,NULL,NULL,NULL,'2016-11-14 01:55:07','2016-11-14 01:55:07'),(12334,'16188353S',331,NULL,'TUO','GNENINTIOH EVE','08/01/2005',NULL,'F','Non',NULL,NULL,NULL,NULL,NULL,'2016-11-14 01:55:07','2016-11-14 01:55:07'),(12335,'15336342D',331,NULL,'YAO','AKISSI ROLANDE','07/03/2005',NULL,'F','Oui',NULL,NULL,NULL,NULL,NULL,'2016-11-14 01:55:07','2016-11-14 01:55:07'),(12336,'16171975Y',331,NULL,'YAO','AYA PELAGIE','08/11/2003',NULL,'F','Non',NULL,NULL,NULL,NULL,NULL,'2016-11-14 01:55:07','2016-11-14 01:55:07'),(12337,'16173270P',331,NULL,'YAO','AHOU GWLADYS','03/11/2002',NULL,'F','Non',NULL,NULL,NULL,NULL,NULL,'2016-11-14 01:55:07','2016-11-14 01:55:07'),(12338,'16170951S',331,NULL,'ZAGBAI','BALEFE MAEVA MARLENE','20/10/2001',NULL,'F','Non',NULL,NULL,NULL,NULL,NULL,'2016-11-14 01:55:07','2016-11-14 01:55:07'),(12971,'16185029C',332,NULL,'ADDI','AMESSAN ARIANE GRACE ELVIR','27/02/2006',NULL,'F','Non',NULL,NULL,NULL,NULL,NULL,'2016-11-14 02:12:50','2016-11-14 02:12:50'),(12972,'16171610S',332,NULL,'ADEGOKE','MOUIDATOU','01/07/2005',NULL,'F','Non',NULL,NULL,NULL,NULL,NULL,'2016-11-14 02:12:50','2016-11-14 02:12:50'),(12973,'16172901M',332,NULL,'AMANII','AYA LETICIA','18/10/2003',NULL,'F','Non',NULL,NULL,NULL,NULL,NULL,'2016-11-14 02:12:50','2016-11-14 02:12:50'),(12974,'16170632P',332,NULL,'BADIAGA','HABIBA','24/08/2005',NULL,'F','Non',NULL,NULL,NULL,NULL,NULL,'2016-11-14 02:12:50','2016-11-14 02:12:50'),(12975,'16170631Y',332,NULL,'BADIAGA','MARIAM','27/10/2006',NULL,'F','Non',NULL,NULL,NULL,NULL,NULL,'2016-11-14 02:12:50','2016-11-14 02:12:50'),(12976,'16178997X',332,NULL,'BAMBA','TENIN MASSO','11/01/2005',NULL,'F','Non',NULL,NULL,NULL,NULL,NULL,'2016-11-14 02:12:50','2016-11-14 02:12:50'),(12977,'15156481U',332,NULL,'BIHOUN','DAMATA','30/12/2003',NULL,'F','Oui',NULL,NULL,NULL,NULL,NULL,'2016-11-14 02:12:50','2016-11-14 02:12:50'),(12978,'16171920V',332,NULL,'BOLE','BLANCHE NAHOMIE','04/07/2003',NULL,'F','Non',NULL,NULL,NULL,NULL,NULL,'2016-11-14 02:12:50','2016-11-14 02:12:50'),(12979,'16110132R',332,NULL,'BRINDOU','ASSE BAUKAMIN FABIOLA','07/05/2005',NULL,'F','Non',NULL,NULL,NULL,NULL,NULL,'2016-11-14 02:12:50','2016-11-14 02:12:50'),(12980,'16187176V',332,NULL,'CISSE','SALIMATA','30/06/2006',NULL,'F','Non',NULL,NULL,NULL,NULL,NULL,'2016-11-14 02:12:50','2016-11-14 02:12:50'),(12981,'15157087H',332,NULL,'CONDE','MARIAMA','26/07/2003',NULL,'F','Oui',NULL,NULL,NULL,NULL,NULL,'2016-11-14 02:12:50','2016-11-14 02:12:50'),(12982,'16170907M',332,NULL,'COULIBALY','MAIMOUNA','03/11/2004',NULL,'F','Non',NULL,NULL,NULL,NULL,NULL,'2016-11-14 02:12:50','2016-11-14 02:12:50'),(12983,'16327632D',332,NULL,'COULIBALY','OUAWI','01/02/2005',NULL,'F','Non',NULL,NULL,NULL,NULL,NULL,'2016-11-14 02:12:50','2016-11-14 02:12:50'),(12984,'16187415N',332,NULL,'COULIBALY','YELLY KADY RACHELLE','01/01/2005',NULL,'F','Non',NULL,NULL,NULL,NULL,NULL,'2016-11-14 02:12:50','2016-11-14 02:12:50'),(12985,'16187400N',332,NULL,'DIABATE','MAÏMOUNA','14/09/2004',NULL,'F','Non',NULL,NULL,NULL,NULL,NULL,'2016-11-14 02:12:50','2016-11-14 02:12:50'),(12986,'16171878L',332,NULL,'DIAKITE','DEMBA','29/12/2004',NULL,'F','Non',NULL,NULL,NULL,NULL,NULL,'2016-11-14 02:12:50','2016-11-14 02:12:50'),(12987,'16172394W',332,NULL,'DIAKITE','DADO','30/10/2004',NULL,'F','Non',NULL,NULL,NULL,NULL,NULL,'2016-11-14 02:12:50','2016-11-14 02:12:50'),(12988,'16184992K',332,NULL,'DIALLO','AICHA  MALICKA ','02/10/2006',NULL,'F','Non',NULL,NULL,NULL,NULL,NULL,'2016-11-14 02:12:50','2016-11-14 02:12:50'),(12989,'16174559E',332,NULL,'DIALLO','FATOUMATA','31/12/2003',NULL,'F','Non',NULL,NULL,NULL,NULL,NULL,'2016-11-14 02:12:50','2016-11-14 02:12:50'),(12990,'16171874M',332,NULL,'DIANE','BINTOU','02/09/2002',NULL,'F','Non',NULL,NULL,NULL,NULL,NULL,'2016-11-14 02:12:50','2016-11-14 02:12:50'),(12991,'16171525Z',332,NULL,'DJABOUH','OZOUA MIA KRYSTEN LESLIE','01/01/2006',NULL,'F','Non',NULL,NULL,NULL,NULL,NULL,'2016-11-14 02:12:50','2016-11-14 02:12:50'),(12992,'16172952F',332,NULL,'FONGORO','AWA','12/04/2004',NULL,'F','Non',NULL,NULL,NULL,NULL,NULL,'2016-11-14 02:12:50','2016-11-14 02:12:50'),(12993,'16171504J',332,NULL,'GBIZIE','YOGOUEL EUNICE ANGE PETH','04/06/2006',NULL,'F','Non',NULL,NULL,NULL,NULL,NULL,'2016-11-14 02:12:50','2016-11-14 02:12:50'),(12994,'16330678K',332,NULL,'GRAMBOUTE','NADJONGBE','01/01/2005',NULL,'F','Non',NULL,NULL,NULL,NULL,NULL,'2016-11-14 02:12:50','2016-11-14 02:12:50'),(12995,'16172184U',332,NULL,'KABA ','SANABA ','19/06/2005',NULL,'F','Non',NULL,NULL,NULL,NULL,NULL,'2016-11-14 02:12:50','2016-11-14 02:12:50'),(12996,'16171487M',332,NULL,'KALLO ','AMINATA','03/11/2004',NULL,'F','Non',NULL,NULL,NULL,NULL,NULL,'2016-11-14 02:12:50','2016-11-14 02:12:50'),(12997,'16171183C',332,NULL,'KANAZOE','MARIAM','07/04/2004',NULL,'F','Non',NULL,NULL,NULL,NULL,NULL,'2016-11-14 02:12:50','2016-11-14 02:12:50'),(12998,'16175304K',332,NULL,'KANGA','ADJOUA EMILIE','29/07/2003',NULL,'F','Non',NULL,NULL,NULL,NULL,NULL,'2016-11-14 02:12:50','2016-11-14 02:12:50'),(12999,'16245359B',332,NULL,'KASSI','YAH ANNE MARIE','18/04/2001',NULL,'F','Non',NULL,NULL,NULL,NULL,NULL,'2016-11-14 02:12:50','2016-11-14 02:12:50'),(13000,'16171834J',332,NULL,'KEITA','SALY','19/06/2002',NULL,'F','Non',NULL,NULL,NULL,NULL,NULL,'2016-11-14 02:12:50','2016-11-14 02:12:50'),(13001,'16185481Q',332,NULL,'KEITA','AICHA DJESSANI MOCTAR','27/07/2006',NULL,'F','Non',NULL,NULL,NULL,NULL,NULL,'2016-11-14 02:12:50','2016-11-14 02:12:50'),(13002,'16174426J',332,NULL,'KEITA','AMY','22/10/2004',NULL,'F','Non',NULL,NULL,NULL,NULL,NULL,'2016-11-14 02:12:50','2016-11-14 02:12:50'),(13003,'16170522P',332,NULL,'KOFFI','LALE GRACE MARIE ARCHANGE','17/12/2006',NULL,'F','Non',NULL,NULL,NULL,NULL,NULL,'2016-11-14 02:12:50','2016-11-14 02:12:50'),(13004,'16172786U',332,NULL,'KOFFI','AMENAN CHRISTELLE','07/08/2002',NULL,'F','Non',NULL,NULL,NULL,NULL,NULL,'2016-11-14 02:12:50','2016-11-14 02:12:50'),(13005,'16170515T',332,NULL,'KONAN','AMENAN ROSELINE BERNADETTE','18/02/2004',NULL,'F','Non',NULL,NULL,NULL,NULL,NULL,'2016-11-14 02:12:50','2016-11-14 02:12:50'),(13006,'16171981B',332,NULL,'KONAN','MANUELA CHRISTELLE','25/07/2002',NULL,'F','Non',NULL,NULL,NULL,NULL,NULL,'2016-11-14 02:12:50','2016-11-14 02:12:50'),(13007,'16172659D',332,NULL,'KONATE','MARIAM','03/01/2003',NULL,'F','Non',NULL,NULL,NULL,NULL,NULL,'2016-11-14 02:12:50','2016-11-14 02:12:50'),(13008,'15156916M',332,NULL,'KONE','BINTOU','24/09/2001',NULL,'F','Oui',NULL,NULL,NULL,NULL,NULL,'2016-11-14 02:12:50','2016-11-14 02:12:50'),(13009,'16170811U',332,NULL,'KONE','MYRIAM','20/12/2003',NULL,'F','Non',NULL,NULL,NULL,NULL,NULL,'2016-11-14 02:12:50','2016-11-14 02:12:50'),(13010,'16174422N',332,NULL,'KONE','SETTIOH','16/01/2002',NULL,'F','Non',NULL,NULL,NULL,NULL,NULL,'2016-11-14 02:12:50','2016-11-14 02:12:50'),(13011,'16171788A',332,NULL,'KOUADIO','AMENAN GRACE CHARLENE','25/09/2002',NULL,'F','Non',NULL,NULL,NULL,NULL,NULL,'2016-11-14 02:12:50','2016-11-14 02:12:50'),(13012,'16188218U',332,NULL,'KOUADIO','AMOIN ANITHA','11/04/2002',NULL,'F','Non',NULL,NULL,NULL,NULL,NULL,'2016-11-14 02:12:50','2016-11-14 02:12:50'),(13013,'15154864R',332,NULL,'KOUAKOU','AMENAN HUGUETTE','24/04/2003',NULL,'F','Oui',NULL,NULL,NULL,NULL,NULL,'2016-11-14 02:12:50','2016-11-14 02:12:50'),(13014,'16276418K',332,NULL,'KOUAKOU','ADJOUA MARTINE','20/02/2004',NULL,'F','Non',NULL,NULL,NULL,NULL,NULL,'2016-11-14 02:12:50','2016-11-14 02:12:50'),(13015,'16171784B',332,NULL,'KOUAKOU','AMOIN CLAIRE CONSTANTINE','25/06/2005',NULL,'F','Non',NULL,NULL,NULL,NULL,NULL,'2016-11-14 02:12:50','2016-11-14 02:12:50'),(13016,'16316170K',332,NULL,'KOUAKOU','AMENAN GRACE EMMANUELLE','24/09/2003',NULL,'F','Non',NULL,NULL,NULL,NULL,NULL,'2016-11-14 02:12:50','2016-11-14 02:12:50'),(13017,'16187543J',332,NULL,'KOUAME','LOUKOU GRACE','05/03/2006',NULL,'F','Non',NULL,NULL,NULL,NULL,NULL,'2016-11-14 02:12:50','2016-11-14 02:12:50'),(13018,'16174543W',332,NULL,'KOUASSI','ADJOUA NOUMANBENOU','27/06/2006',NULL,'F','Non',NULL,NULL,NULL,NULL,NULL,'2016-11-14 02:12:50','2016-11-14 02:12:50'),(13019,'16395829E',332,NULL,'KOUASSI','AFFOUE RACHELLE','20/12/2002',NULL,'F','Non',NULL,NULL,NULL,NULL,NULL,'2016-11-14 02:12:50','2016-11-14 02:12:50'),(13020,'16171401G',332,NULL,'KOUASSI','BLEDJA ANA CYBELLE','20/06/2005',NULL,'F','Non',NULL,NULL,NULL,NULL,NULL,'2016-11-14 02:12:50','2016-11-14 02:12:50'),(13021,'16052116G',332,NULL,'KRA','DOMINIQUE PRISCILLE AKISSI','08/08/2005',NULL,'F','Non',NULL,NULL,NULL,NULL,NULL,'2016-11-14 02:12:50','2016-11-14 02:12:50'),(13022,'16171756R',332,NULL,'KROMAN ','YOH RAMATOU','02/04/2004',NULL,'F','Non',NULL,NULL,NULL,NULL,NULL,'2016-11-14 02:12:50','2016-11-14 02:12:50'),(13023,'16171744G',332,NULL,'N\'DIAYE','FATOUMATA','13/06/2002',NULL,'F','Non',NULL,NULL,NULL,NULL,NULL,'2016-11-14 02:12:50','2016-11-14 02:12:50'),(13024,'16172246U',332,NULL,'N\'DRI ','AFFOUE PRINCIA CAROLINE ','23/10/2004',NULL,'F','Non',NULL,NULL,NULL,NULL,NULL,'2016-11-14 02:12:50','2016-11-14 02:12:50'),(13025,'16235560T',332,NULL,'N\'GORAN ','AFFOUE GERTRUDE','13/04/2002',NULL,'F','Non',NULL,NULL,NULL,NULL,NULL,'2016-11-14 02:12:50','2016-11-14 02:12:50'),(13026,'16171368R',332,NULL,'N\'GUESSAN','M\'BOUA NOURA LINE RESA ORP','15/06/2006',NULL,'F','Non',NULL,NULL,NULL,NULL,NULL,'2016-11-14 02:12:50','2016-11-14 02:12:50'),(13027,'16170723J',332,NULL,'OUATTARA','SADATE RAISSA','18/09/2005',NULL,'F','Non',NULL,NULL,NULL,NULL,NULL,'2016-11-14 02:12:50','2016-11-14 02:12:50'),(13028,'16187300E',332,NULL,'OUATTARA','KIMBIE DJAMILA AICHATOU','20/06/2004',NULL,'F','Non',NULL,NULL,NULL,NULL,NULL,'2016-11-14 02:12:50','2016-11-14 02:12:50'),(13029,'16175042H',332,NULL,'OUATTARA','FANTA','22/11/2005',NULL,'F','Non',NULL,NULL,NULL,NULL,NULL,'2016-11-14 02:12:50','2016-11-14 02:12:50'),(13030,'16179685C',332,NULL,'OUATTARA','NAWA AUDE YASMINE ','11/12/2006',NULL,'F','Non',NULL,NULL,NULL,NULL,NULL,'2016-11-14 02:12:50','2016-11-14 02:12:50'),(13031,'16171352J',332,NULL,'SANGARE','SARAN','26/08/2005',NULL,'F','Non',NULL,NULL,NULL,NULL,NULL,'2016-11-14 02:12:50','2016-11-14 02:12:50'),(13032,'16172649W',332,NULL,'SANOGO ','DJENEBA','01/11/2005',NULL,'F','Non',NULL,NULL,NULL,NULL,NULL,'2016-11-14 02:12:50','2016-11-14 02:12:50'),(13033,'16173753E',332,NULL,'SEKONGO','NAGNINIMATA KATCHIENIN','04/08/2004',NULL,'F','Non',NULL,NULL,NULL,NULL,NULL,'2016-11-14 02:12:50','2016-11-14 02:12:50'),(13034,'16170329Q',332,NULL,'SYLLA','DJENEBA','08/11/2002',NULL,'F','Non',NULL,NULL,NULL,NULL,NULL,'2016-11-14 02:12:50','2016-11-14 02:12:50'),(13035,'16330112L',332,NULL,'TCHECOUTE','AMINATA','01/01/2005',NULL,'F','Non',NULL,NULL,NULL,NULL,NULL,'2016-11-14 02:12:50','2016-11-14 02:12:50'),(13036,'16187244Q',332,NULL,'TIA','YELY AMI FELICITE','06/05/2005',NULL,'F','Non',NULL,NULL,NULL,NULL,NULL,'2016-11-14 02:12:50','2016-11-14 02:12:50'),(13037,'16173254A',332,NULL,'TONDOSSAMA ','AMINATA','18/03/2003',NULL,'F','Non',NULL,NULL,NULL,NULL,NULL,'2016-11-14 02:12:50','2016-11-14 02:12:50'),(13038,'15156762Q',332,NULL,'TOURE','AWA','25/12/2002',NULL,'F','Oui',NULL,NULL,NULL,NULL,NULL,'2016-11-14 02:12:50','2016-11-14 02:12:50'),(13039,'16170980P',332,NULL,'TOURE','HADAMA','13/12/2004',NULL,'F','Non',NULL,NULL,NULL,NULL,NULL,'2016-11-14 02:12:50','2016-11-14 02:12:50'),(13040,'16172464R',332,NULL,'TOURE','KADIDJA','20/01/2005',NULL,'F','Non',NULL,NULL,NULL,NULL,NULL,'2016-11-14 02:12:50','2016-11-14 02:12:50'),(13041,'16326047S',332,NULL,'TOURE ','FATOUMATA','18/05/2006',NULL,'F','Non',NULL,NULL,NULL,NULL,NULL,'2016-11-14 02:12:50','2016-11-14 02:12:50'),(13042,'16173869E',332,NULL,'TRAORE ','FATOUMATA','11/07/2002',NULL,'F','Non',NULL,NULL,NULL,NULL,NULL,'2016-11-14 02:12:50','2016-11-14 02:12:50'),(13043,'16171628Q',332,NULL,'TRAZIE','NAN SAMIRA SYNTYCHE','30/05/2005',NULL,'F','Non',NULL,NULL,NULL,NULL,NULL,'2016-11-14 02:12:50','2016-11-14 02:12:50'),(13044,'16173894T',332,NULL,'TUO','TCHEREGNIMIN FATOUMATA','17/09/2002',NULL,'F','Non',NULL,NULL,NULL,NULL,NULL,'2016-11-14 02:12:50','2016-11-14 02:12:50'),(13045,'15336592G',332,NULL,'YAO','AMOIN CHANTAL','01/01/2004',NULL,'F','Oui',NULL,NULL,NULL,NULL,NULL,'2016-11-14 02:12:50','2016-11-14 02:12:50'),(13046,'16186945W',332,NULL,'YAO','MANTANSOU N\'GOSSE RAISSA','18/10/2006',NULL,'F','Non',NULL,NULL,NULL,NULL,NULL,'2016-11-14 02:12:50','2016-11-14 02:12:50'),(13047,'16188689R',332,NULL,'YAO','ANGE SEREINA','06/03/2006',NULL,'F','Non',NULL,NULL,NULL,NULL,NULL,'2016-11-14 02:12:50','2016-11-14 02:12:50'),(13048,'16171617P',332,NULL,'YAO','NANCKOKO ANGE RACHELLE','23/12/2004',NULL,'F','Non',NULL,NULL,NULL,NULL,NULL,'2016-11-14 02:12:50','2016-11-14 02:12:50'),(13049,'16170949C',332,NULL,'ZAO','AKISSI JULIE','07/01/2002',NULL,'F','Non',NULL,NULL,NULL,NULL,NULL,'2016-11-14 02:12:50','2016-11-14 02:12:50');
/*!40000 ALTER TABLE `students` ENABLE KEYS */;
UNLOCK TABLES;

--
-- Table structure for table `teachers`
--

DROP TABLE IF EXISTS `teachers`;
/*!40101 SET @saved_cs_client     = @@character_set_client */;
/*!40101 SET character_set_client = utf8 */;
CREATE TABLE `teachers` (
  `id` int(10) unsigned NOT NULL AUTO_INCREMENT,
  `user_id` int(10) unsigned NOT NULL,
  `course_id` int(10) unsigned NOT NULL,
  `classroom_id` int(10) unsigned NOT NULL,
  `prof_principal` enum('Oui','Non') CHARACTER SET utf8 DEFAULT 'Non',
  `created_at` timestamp NULL DEFAULT NULL,
  `updated_at` timestamp NULL DEFAULT NULL,
  PRIMARY KEY (`id`)
) ENGINE=InnoDB DEFAULT CHARSET=utf8 COLLATE=utf8_unicode_ci;
/*!40101 SET character_set_client = @saved_cs_client */;

--
-- Dumping data for table `teachers`
--

LOCK TABLES `teachers` WRITE;
/*!40000 ALTER TABLE `teachers` DISABLE KEYS */;
/*!40000 ALTER TABLE `teachers` ENABLE KEYS */;
UNLOCK TABLES;

--
-- Table structure for table `tests`
--

DROP TABLE IF EXISTS `tests`;
/*!40101 SET @saved_cs_client     = @@character_set_client */;
/*!40101 SET character_set_client = utf8 */;
CREATE TABLE `tests` (
  `id` int(10) unsigned NOT NULL AUTO_INCREMENT,
  `trimestre_id` int(10) unsigned NOT NULL,
  `course_childs_id` int(10) unsigned NOT NULL,
  `classroom_id` int(10) unsigned NOT NULL,
  `max_grade_value` int(10) unsigned NOT NULL,
  `test_name` varchar(255) COLLATE utf8_unicode_ci DEFAULT NULL,
  `created_at` timestamp NULL DEFAULT NULL,
  `updated_at` timestamp NULL DEFAULT NULL,
  PRIMARY KEY (`id`)
) ENGINE=InnoDB DEFAULT CHARSET=utf8 COLLATE=utf8_unicode_ci;
/*!40101 SET character_set_client = @saved_cs_client */;

--
-- Dumping data for table `tests`
--

LOCK TABLES `tests` WRITE;
/*!40000 ALTER TABLE `tests` DISABLE KEYS */;
/*!40000 ALTER TABLE `tests` ENABLE KEYS */;
UNLOCK TABLES;

--
-- Table structure for table `trimestres`
--

DROP TABLE IF EXISTS `trimestres`;
/*!40101 SET @saved_cs_client     = @@character_set_client */;
/*!40101 SET character_set_client = utf8 */;
CREATE TABLE `trimestres` (
  `id` int(10) unsigned NOT NULL AUTO_INCREMENT,
  `trimestre_description` varchar(255) COLLATE utf8_unicode_ci NOT NULL,
  `anneescolaire_id` varchar(255) COLLATE utf8_unicode_ci NOT NULL,
  `start_date` date DEFAULT NULL,
  `end_date` date DEFAULT NULL,
  `created_at` timestamp NULL DEFAULT NULL,
  `updated_at` timestamp NULL DEFAULT NULL,
  PRIMARY KEY (`id`)
) ENGINE=InnoDB AUTO_INCREMENT=4 DEFAULT CHARSET=utf8 COLLATE=utf8_unicode_ci;
/*!40101 SET character_set_client = @saved_cs_client */;

--
-- Dumping data for table `trimestres`
--

LOCK TABLES `trimestres` WRITE;
/*!40000 ALTER TABLE `trimestres` DISABLE KEYS */;
INSERT INTO `trimestres` VALUES (1,'1er trimestre','1',NULL,NULL,NULL,NULL),(2,'2e trimestre','1',NULL,NULL,NULL,NULL),(3,'3e trimestre','1',NULL,NULL,NULL,NULL);
/*!40000 ALTER TABLE `trimestres` ENABLE KEYS */;
UNLOCK TABLES;

--
-- Table structure for table `users`
--

DROP TABLE IF EXISTS `users`;
/*!40101 SET @saved_cs_client     = @@character_set_client */;
/*!40101 SET character_set_client = utf8 */;
CREATE TABLE `users` (
  `id` int(10) unsigned NOT NULL AUTO_INCREMENT,
  `user_name` varchar(255) CHARACTER SET utf8 NOT NULL,
  `user_last_name` varchar(255) COLLATE utf8_unicode_ci NOT NULL,
  `user_contact` varchar(255) CHARACTER SET utf8 DEFAULT NULL,
  `email` varchar(255) CHARACTER SET utf8 NOT NULL,
  `password` varchar(255) CHARACTER SET utf8 NOT NULL,
  `remember_token` varchar(100) COLLATE utf8_unicode_ci DEFAULT NULL,
  `created_at` timestamp NULL DEFAULT NULL,
  `updated_at` timestamp NULL DEFAULT NULL,
  PRIMARY KEY (`id`),
  UNIQUE KEY `users_user_login_unique` (`email`)
) ENGINE=InnoDB AUTO_INCREMENT=52 DEFAULT CHARSET=utf8 COLLATE=utf8_unicode_ci;
/*!40101 SET character_set_client = @saved_cs_client */;

--
-- Dumping data for table `users`
--

LOCK TABLES `users` WRITE;
/*!40000 ALTER TABLE `users` DISABLE KEYS */;
INSERT INTO `users` VALUES (46,'Nadje','Freddy','-','Freddy.Nadje@lmjf.com','$2y$10$U0cHiDRMgWAo/MRtUKvXy.YlgkKLhPrUd6t7K5glrxs4FR6jUkcvi',NULL,'2016-11-13 19:44:13','2016-11-13 19:44:13'),(47,'Tan','Kpan Roger','-','Tan.Kpan.Roger@lmjf.com','$2y$10$ARN13P..DR9s/6Py8SMg4.OZnpnEYkmcRRBHGYfdkhBH2.R.N3mrK',NULL,'2016-11-13 19:44:14','2016-11-13 19:44:14'),(48,'Kone','Mamadou','-','Kone.Mamadou@lmjf.com','$2y$10$57zh2uTvjYS/v1PUEr1WAuLc0z.RrD8H4SXx.ERFrsSeBtugDdjf6',NULL,'2016-11-13 19:44:14','2016-11-13 19:44:14'),(49,'Kouassi','Wadja','-','Kouassi.Wadja@lmjf.com','$2y$10$HjYXkCYEpSt8VJGzKqWVZu4XEslhzdLGlGsb6mjCZIGNBiBLUgIUC',NULL,'2016-11-13 19:44:14','2016-11-13 19:44:14'),(50,'Kouakou','Williams','-','Kouakou.Williams@lmjf.com','$2y$10$/ivdYvADqGQJyT4KN9iz4.Tv3oUt1uztmEqGqT43c21QExuh9gvgu',NULL,'2016-11-13 19:44:14','2016-11-13 19:44:14'),(51,'Tondossama','Karim','-','Tondossama.Karim@lmjf.com','$2y$10$2jOj2AdzOfWCfFkO9bU1IecIAy0.2AfMOGOCZvHeLNKwtF/zN0zQW',NULL,'2016-11-13 19:44:14','2016-11-13 19:44:14');
/*!40000 ALTER TABLE `users` ENABLE KEYS */;
UNLOCK TABLES;
/*!40103 SET TIME_ZONE=@OLD_TIME_ZONE */;

/*!40101 SET SQL_MODE=@OLD_SQL_MODE */;
/*!40014 SET FOREIGN_KEY_CHECKS=@OLD_FOREIGN_KEY_CHECKS */;
/*!40014 SET UNIQUE_CHECKS=@OLD_UNIQUE_CHECKS */;
/*!40101 SET CHARACTER_SET_CLIENT=@OLD_CHARACTER_SET_CLIENT */;
/*!40101 SET CHARACTER_SET_RESULTS=@OLD_CHARACTER_SET_RESULTS */;
/*!40101 SET COLLATION_CONNECTION=@OLD_COLLATION_CONNECTION */;
/*!40111 SET SQL_NOTES=@OLD_SQL_NOTES */;

-- Dump completed on 2016-11-14  8:43:09
